id,Airline,Flight,AirportFrom,AirportTo,DayOfWeek,Time,Length
1,CO,269,SFO,IAH,3,15,205
2,US,1558,PHX,CLT,3,15,222
3,AA,2400,LAX,DFW,3,20,165
4,AA,2466,SFO,DFW,3,20,195
5,AS,108,ANC,SEA,3,30,202
6,CO,1094,LAX,IAH,3,30,181
7,DL,1768,LAX,MSP,3,30,220
8,DL,2722,PHX,DTW,3,30,228
9,DL,2606,SFO,MSP,3,35,216
10,AA,2538,LAS,ORD,3,40,200
11,CO,223,ANC,SEA,3,49,201
12,DL,1646,PHX,ATL,3,50,212
13,DL,2055,SLC,ATL,3,50,210
14,AA,2408,LAX,DFW,3,55,170
15,AS,132,ANC,PDX,3,55,215
16,US,498,DEN,CLT,3,55,179
17,B6,98,DEN,JFK,3,59,213
18,CO,1496,LAS,IAH,3,60,162
19,DL,1450,LAS,MSP,3,60,181
20,CO,507,ONT,IAH,3,75,167
21,AS,128,FAI,SEA,3,80,206
22,DL,2223,ANC,SLC,3,85,270
23,AS,112,ANC,SEA,3,90,200
24,HA,17,LAS,HNL,3,100,380
25,US,122,ANC,PHX,3,113,327
26,AS,114,ANC,SEA,3,150,200
27,B6,766,BQN,MCO,3,240,169
28,B6,768,PSE,MCO,3,262,180
29,HA,206,HNL,OGG,3,300,36
30,OO,4746,BIS,MSP,3,300,85
31,OO,6466,IYK,LAX,3,300,53
32,US,1011,EWR,CLT,3,300,111
33,US,1983,BOS,CLT,3,300,135
34,HA,108,HNL,KOA,3,302,41
35,OO,6900,MKE,ORD,3,302,44
36,9E,3975,GFK,MSP,3,305,68
37,HA,102,HNL,ITO,3,305,49
38,OO,4829,OMA,MSP,3,305,75
39,OH,6338,GSO,ATL,3,315,93
40,OO,6505,LMT,SFO,3,315,95
41,US,149,SEA,PHX,3,315,166
42,US,1640,MCO,CLT,3,315,97
43,US,908,TPA,CLT,3,315,96
44,HA,106,HNL,OGG,3,317,36
45,9E,3854,DLH,MSP,3,320,58
46,DL,1276,MSP,ATL,3,320,158
47,OO,4651,FAR,MSP,3,320,62
48,CO,1585,MFE,IAH,3,325,64
49,CO,222,MSY,IAH,3,325,70
50,EV,4966,VPS,ATL,3,325,69
51,US,1521,BWI,CLT,3,325,83
52,XE,2827,MAF,IAH,3,325,85
53,OO,4719,LWS,SLC,3,328,87
54,9E,3702,RST,MSP,3,330,50
55,9E,3775,ALB,DTW,3,330,120
56,9E,3886,DSM,ATL,3,330,135
57,AA,1711,BOS,MIA,3,330,210
58,CO,611,EWR,IAH,3,330,233
59,DL,1143,CHS,ATL,3,330,72
60,DL,1511,MSN,DTW,3,330,80
61,DL,1518,MCO,ATL,3,330,84
62,DL,1698,JAX,ATL,3,330,80
63,DL,1842,SAT,ATL,3,330,142
64,DL,1972,TPA,ATL,3,330,85
65,DL,2054,PNS,ATL,3,330,75
66,DL,2112,BHM,ATL,3,330,58
67,DL,2306,LIT,ATL,3,330,97
68,DL,2711,SAV,ATL,3,330,65
69,DL,2995,BNA,ATL,3,330,67
70,EV,4940,OMA,ATL,3,330,147
71,EV,5014,ICT,ATL,3,330,132
72,EV,5044,ECP,ATL,3,330,68
73,EV,5117,DHN,ATL,3,330,70
74,EV,5393,MGM,ATL,3,330,57
75,EV,5532,CAE,ATL,3,330,64
76,EV,7108,PWM,IAD,3,330,114
77,OO,6917,ACV,SMF,3,330,65
78,OO,7781,EKO,SLC,3,330,70
79,US,1289,BOS,PHL,3,330,84
80,US,1420,PHL,CLT,3,330,102
81,US,1732,ATL,CLT,3,330,68
82,US,347,PDX,PHX,3,330,148
83,US,913,RIC,CLT,3,330,72
84,XE,2263,BTR,IAH,3,330,72
85,XE,3024,HRL,IAH,3,330,70
86,YV,2605,MYR,CLT,3,330,62
87,HA,103,HNL,LIH,3,331,35
88,UA,576,SEA,DEN,3,331,159
89,OO,6644,TUS,DEN,3,333,112
90,YV,7294,SBN,ORD,3,334,46
91,9E,3661,CAK,DTW,3,335,76
92,9E,3725,TVC,DTW,3,335,75
93,9E,3804,CLE,ATL,3,335,128
94,AA,674,ORD,MIA,3,335,185
95,B6,728,BQN,JFK,3,335,231
96,CO,463,ORD,IAH,3,335,164
97,OH,6423,DAY,DTW,3,335,75
98,OO,6698,MFR,PDX,3,335,74
99,XE,2865,MKE,IAH,3,335,174
100,EV,7101,BTV,IAD,3,336,110
101,9E,3998,TLH,ATL,3,338,68
102,9E,4196,TYS,ATL,3,340,57
103,CO,214,DFW,IAH,3,340,59
104,DL,2123,BOS,DTW,3,340,144
105,DL,2597,RIC,ATL,3,340,109
106,DL,2626,FLL,ATL,3,340,118
107,DL,684,AUS,ATL,3,340,134
108,EV,5583,CHA,ATL,3,340,47
109,MQ,4563,CMH,LGA,3,340,100
110,XE,2616,LRD,IAH,3,340,66
111,XE,3006,BRO,IAH,3,340,70
112,XE,3015,CRP,IAH,3,340,59
113,XE,5970,LAN,ORD,3,340,71
114,9E,3659,ALB,ATL,3,345,183
115,9E,3862,SAT,MEM,3,345,119
116,9E,3949,PVD,DTW,3,345,135
117,9E,4143,FWA,DTW,3,345,59
118,AA,1141,JFK,MIA,3,345,190
119,AA,1297,DFW,MIA,3,345,160
120,AA,2320,DFW,ORD,3,345,140
121,CO,1677,PHL,IAH,3,345,219
122,CO,1727,BWI,IAH,3,345,208
123,CO,240,AUS,IAH,3,345,55
124,CO,278,SAT,IAH,3,345,54
125,CO,633,LGA,IAH,3,345,235
126,DL,1095,OKC,ATL,3,345,127
127,DL,1112,PIT,ATL,3,345,131
128,DL,1506,LAX,DTW,3,345,270
129,DL,1580,SFO,DTW,3,345,270
130,DL,2320,PBI,ATL,3,345,113
131,DL,2481,ORF,ATL,3,345,120
132,DL,2710,DFW,ATL,3,345,132
133,DL,2939,DCA,ATL,3,345,120
134,EV,5142,AEX,ATL,3,345,119
135,EV,5218,SYR,ATL,3,345,158
136,EV,5233,BTR,ATL,3,345,97
137,EV,5362,SHV,ATL,3,345,123
138,EV,5501,VLD,ATL,3,345,62
139,OH,6264,BDL,CVG,3,345,133
140,OH,6549,MFE,MEM,3,345,118
141,OO,6407,FAT,SFO,3,345,45
142,OO,6647,BZN,DEN,3,345,107
143,OO,6925,PHX,LAX,3,345,85
144,OO,6964,RDM,PDX,3,345,58
145,US,1423,DCA,CLT,3,345,85
146,XE,2919,LFT,IAH,3,345,58
147,XE,5951,CAK,ORD,3,345,95
148,OO,6480,IPL,YUM,3,346,34
149,OO,6843,EAU,CWA,3,346,32
150,UA,756,SFO,DEN,3,348,158
151,OO,3099,OMA,MKE,3,349,81
152,9E,3718,ERI,DTW,3,350,65
153,B6,107,BUF,JFK,3,350,83
154,DL,1248,IAH,ATL,3,350,130
155,DL,1985,DAY,ATL,3,350,114
156,DL,2387,MKE,ATL,3,350,129
157,DL,2405,PHL,DTW,3,350,115
158,DL,734,MCI,ATL,3,350,129
159,EV,5165,AGS,ATL,3,350,60
160,FL,331,PHL,ATL,3,350,145
161,MQ,2734,ABI,DFW,3,350,50
162,MQ,2796,GRR,DFW,3,350,175
163,MQ,3014,FAT,LAX,3,350,65
164,MQ,3332,LBB,DFW,3,350,70
165,MQ,3632,CLT,MIA,3,350,120
166,MQ,3781,LIT,ORD,3,350,105
167,MQ,3842,MSP,ORD,3,350,95
168,MQ,3892,PHL,ORD,3,350,140
169,MQ,4013,LEX,ORD,3,350,95
170,OH,6498,ORD,ATL,3,350,128
171,OH,6629,GRR,DTW,3,350,61
172,9E,4391,MBS,DTW,3,351,59
173,HA,218,HNL,KOA,3,352,41
174,OO,6921,MOD,SFO,3,352,38
175,9E,3935,EWR,DTW,3,355,130
176,9E,3955,LBB,MEM,3,355,119
177,9E,4200,TYS,CVG,3,355,64
178,9E,4274,AMA,MEM,3,355,120
179,B6,735,JFK,BQN,3,355,215
180,DL,377,BDL,DTW,3,355,130
181,HA,202,HNL,ITO,3,355,49
182,MQ,2864,SGF,DFW,3,355,90
183,OH,6262,OMA,DTW,3,355,137
184,OH,6414,AZO,DTW,3,355,58
185,OO,7014,RDM,SFO,3,355,101
186,9E,3668,TYS,LGA,3,360,131
187,9E,3724,ABE,DTW,3,360,115
188,9E,3755,SWF,DTW,3,360,120
189,9E,3757,BGM,DTW,3,360,103
190,9E,3795,SBN,CVG,3,360,60
191,9E,3845,AVP,DTW,3,360,105
192,9E,3850,FNT,DTW,3,360,48
193,9E,3871,BHM,DTW,3,360,125
194,9E,3875,GSP,DTW,3,360,115
195,9E,3893,FWA,ATL,3,360,115
196,9E,3923,IAH,MEM,3,360,95
197,9E,3957,ATW,MSP,3,360,76
198,9E,3985,DSM,MEM,3,360,100
199,9E,4008,BTV,JFK,3,360,100
200,9E,4026,ORF,DTW,3,360,125
201,9E,4058,LAN,DTW,3,360,50
202,9E,4239,ITH,DTW,3,360,97
203,9E,4272,ECP,MEM,3,360,90
204,9E,4324,DCA,JFK,3,360,82
205,AA,1056,TUL,DFW,3,360,70
206,AA,1140,SAT,DFW,3,360,65
207,AA,1143,TPA,DFW,3,360,170
208,AA,1215,DCA,DFW,3,360,210
209,AA,1225,COS,DFW,3,360,120
210,AA,1406,OMA,DFW,3,360,125
211,AA,1584,LAS,DFW,3,360,160
212,AA,1596,PDX,DFW,3,360,225
213,AA,1602,ELP,DFW,3,360,100
214,AA,1615,BDL,DFW,3,360,260
215,AA,1631,MSY,MIA,3,360,105
216,AA,1670,AUS,ORD,3,360,165
217,AA,1755,ABQ,DFW,3,360,105
218,AA,1839,OKC,DFW,3,360,60
219,AA,1843,BOS,ORD,3,360,175
220,AA,1878,SMF,DFW,3,360,205
221,AA,1921,EWR,MIA,3,360,185
222,AA,1965,STL,DFW,3,360,115
223,AA,1994,IAH,MIA,3,360,135
224,AA,2037,BNA,MIA,3,360,135
225,AA,2060,SEA,ORD,3,360,245
226,AA,2103,IAD,MIA,3,360,160
227,AA,2203,LGA,MIA,3,360,190
228,AA,2299,DTW,MIA,3,360,190
229,AA,2301,ORD,DFW,3,360,150
230,AA,445,DCA,ORD,3,360,125
231,AA,526,SFO,DFW,3,360,215
232,AA,528,LAX,MIA,3,360,280
233,AA,548,LAX,ORD,3,360,240
234,AA,552,SFO,MIA,3,360,315
235,AA,654,PHX,DFW,3,360,130
236,AA,708,AUS,DFW,3,360,60
237,AS,454,SEA,LAX,3,360,150
238,AS,55,ANC,FAI,3,360,58
239,AS,600,SEA,LAS,3,360,143
240,AS,62,FAI,ANC,3,360,70
241,AS,81,SEA,ANC,3,360,219
242,B6,1001,BOS,JFK,3,360,71
243,B6,1133,SYR,JFK,3,360,85
244,B6,1224,RDU,BOS,3,360,101
245,B6,155,JFK,MCO,3,360,168
246,B6,162,RSW,JFK,3,360,156
247,B6,1695,BOS,MCO,3,360,192
248,B6,19,BTV,JFK,3,360,84
249,B6,247,OAK,LGB,3,360,77
250,B6,370,FLL,LGA,3,360,159
251,B6,371,LGA,FLL,3,360,174
252,B6,442,TPA,BOS,3,360,167
253,B6,45,ROC,JFK,3,360,83
254,B6,52,MCO,JFK,3,360,141
255,B6,68,FLL,JFK,3,360,160
256,B6,701,JFK,SJU,3,360,218
257,CO,1045,CLE,IAH,3,360,190
258,CO,1428,CLT,IAH,3,360,180
259,CO,1617,MCI,IAH,3,360,118
260,CO,1810,SMF,IAH,3,360,220
261,CO,1815,OMA,IAH,3,360,138
262,CO,308,PDX,IAH,3,360,238
263,CO,469,SFO,IAH,3,360,225
264,CO,759,DCA,IAH,3,360,206
265,CO,89,IAH,EWR,3,360,200
266,DL,1084,ANC,MSP,3,360,326
267,DL,1106,SEA,SLC,3,360,120
268,DL,1157,CMH,ATL,3,360,110
269,DL,1181,RSW,ATL,3,360,110
270,DL,1249,PWM,ATL,3,360,192
271,DL,1297,JFK,ATL,3,360,168
272,DL,1301,IND,ATL,3,360,105
273,DL,1371,BOS,LGA,3,360,68
274,DL,1401,BOS,ATL,3,360,190
275,DL,1445,DCA,DTW,3,360,102
276,DL,1447,LGA,ATL,3,360,167
277,DL,1504,MCI,DTW,3,360,118
278,DL,1602,LAS,ATL,3,360,223
279,DL,1625,BWI,ATL,3,360,120
280,DL,1767,CLT,DTW,3,360,115
281,DL,1831,PDX,SLC,3,360,107
282,DL,1889,CVG,ATL,3,360,103
283,DL,1949,RDU,ATL,3,360,87
284,DL,2205,MDW,ATL,3,360,120
285,DL,2280,STL,ATL,3,360,110
286,DL,2437,CLT,ATL,3,360,82
287,DL,2480,SEA,DTW,3,360,253
288,DL,2525,BOS,MSP,3,360,210
289,DL,2530,BZN,MSP,3,360,138
290,DL,2581,SDF,ATL,3,360,84
291,DL,2806,SFO,MSP,3,360,222
292,DL,2816,LAS,DTW,3,360,233
293,DL,725,SFO,SLC,3,360,113
294,EV,4942,JAX,DCA,3,360,112
295,EV,4946,ABY,ATL,3,360,50
296,EV,4979,TRI,ATL,3,360,67
297,EV,4998,XNA,ATL,3,360,119
298,EV,5011,ROA,DTW,3,360,98
299,EV,5027,MLI,ATL,3,360,130
300,EV,5079,LYH,ATL,3,360,85
301,EV,5141,EVV,ATL,3,360,80
302,EV,5169,HPN,ATL,3,360,151
303,EV,5265,SYR,DTW,3,360,115
304,EV,5275,FAY,ATL,3,360,86
305,EV,5313,EWN,ATL,3,360,98
306,EV,5316,CSG,ATL,3,360,44
307,EV,5366,SGF,ATL,3,360,119
308,EV,5374,CAK,ATL,3,360,109
309,EV,5387,GPT,ATL,3,360,80
310,EV,5435,MLU,ATL,3,360,98
311,EV,5460,MOB,ATL,3,360,77
312,EV,5479,LFT,ATL,3,360,120
313,EV,5491,OAJ,ATL,3,360,98
314,EV,5507,CHO,ATL,3,360,102
315,EV,5564,ILM,ATL,3,360,88
316,EV,5605,ROA,ATL,3,360,86
317,EV,7070,ROA,ORD,3,360,116
318,EV,7075,DTW,IAD,3,360,90
319,EV,7086,DAY,IAD,3,360,90
320,EV,7097,CMH,ORD,3,360,82
321,EV,7100,CAE,ORD,3,360,128
322,EV,7116,JFK,IAD,3,360,81
323,EV,7323,BMI,ATL,3,360,115
324,EV,7378,DEN,CVG,3,360,158
325,F9,225,MDW,DEN,3,360,157
326,F9,377,BOS,MKE,3,360,165
327,FL,143,DTW,ATL,3,360,125
328,FL,155,IND,BWI,3,360,105
329,FL,183,DCA,ATL,3,360,123
330,FL,200,CAK,ATL,3,360,120
331,FL,254,FNT,ATL,3,360,134
332,FL,281,BOS,ATL,3,360,180
333,FL,359,LGA,ATL,3,360,161
334,FL,429,PNS,ATL,3,360,69
335,FL,557,BUF,ATL,3,360,135
336,FL,630,DAY,BWI,3,360,93
337,FL,726,DFW,MKE,3,360,135
338,FL,738,MSP,MKE,3,360,70
339,FL,84,FLL,ATL,3,360,113
340,FL,901,PHF,ATL,3,360,123
341,FL,912,MKE,BWI,3,360,120
342,FL,942,ROC,BWI,3,360,83
343,FL,967,ACY,ATL,3,360,135
344,MQ,2731,CVG,DFW,3,360,165
345,MQ,2750,JAN,DFW,3,360,100
346,MQ,2963,CID,DFW,3,360,140
347,MQ,3256,GRK,DFW,3,360,50
348,MQ,3265,HOU,DFW,3,360,70
349,MQ,3280,CRP,DFW,3,360,80
350,MQ,3325,DSM,DFW,3,360,130
351,MQ,3357,MOB,DFW,3,360,115
352,MQ,3372,BTR,DFW,3,360,90
353,MQ,3450,XNA,DFW,3,360,70
354,MQ,3512,MKE,DFW,3,360,165
355,MQ,3650,TYS,MIA,3,360,135
356,MQ,3736,ORD,EWR,3,360,120
357,MQ,3748,ORD,MSP,3,360,85
358,MQ,3768,EWR,ORD,3,360,165
359,MQ,3807,ORD,ATL,3,360,120
360,MQ,3853,ATL,ORD,3,360,115
361,MQ,3884,CLE,ORD,3,360,85
362,MQ,3908,CRW,ORD,3,360,105
363,MQ,3914,ICT,ORD,3,360,105
364,MQ,3939,BNA,ORD,3,360,105
365,MQ,4067,RIC,ORD,3,360,140
366,MQ,4114,PIT,ORD,3,360,105
367,MQ,4176,CMH,ORD,3,360,80
368,MQ,4223,ROC,ORD,3,360,125
369,MQ,4260,BWI,ORD,3,360,140
370,MQ,4275,MSN,ORD,3,360,55
371,MQ,4382,BOS,JFK,3,360,79
372,MQ,4420,BOS,LGA,3,360,80
373,MQ,4448,DCA,JFK,3,360,70
374,MQ,4581,CLT,LGA,3,360,110
375,MQ,4625,LGA,RDU,3,360,100
376,MQ,4629,RDU,LGA,3,360,95
377,MQ,4650,LGA,ATL,3,360,150
378,MQ,4697,DTW,LGA,3,360,100
379,OH,6341,RIC,DTW,3,360,125
380,OH,6357,BDL,DCA,3,360,84
381,OH,6379,BOS,JFK,3,360,88
382,OH,6401,HTS,CVG,3,360,53
383,OH,6560,ORD,JFK,3,360,133
384,OH,6655,OMA,MEM,3,360,114
385,OH,6668,CHS,LGA,3,360,118
386,OO,4611,SAT,SLC,3,360,175
387,OO,4662,ABQ,SLC,3,360,101
388,OO,4676,BNA,MSP,3,360,144
389,OO,4765,LAS,LAX,3,360,75
390,OO,4802,DFW,SLC,3,360,168
391,OO,4888,COS,MSP,3,360,135
392,OO,6245,MFR,SFO,3,360,81
393,OO,6285,MFR,DEN,3,360,155
394,OO,6300,FAT,LAX,3,360,59
395,OO,6330,ONT,SFO,3,360,85
396,OO,6345,PSC,SFO,3,360,125
397,OO,6359,BOI,SFO,3,360,112
398,OO,6399,ORD,MCI,3,360,88
399,OO,6405,PDX,SFO,3,360,105
400,OO,6434,SBP,LAX,3,360,62
401,OO,6471,ABQ,LAX,3,360,121
402,OO,6506,ELP,LAX,3,360,137
403,OO,6512,CLD,LAX,3,360,40
404,OO,6586,PSP,DEN,3,360,131
405,OO,6612,SLC,DEN,3,360,93
406,OO,6682,SBA,DEN,3,360,142
407,OO,6684,MEM,ORD,3,360,110
408,OO,6732,MRY,DEN,3,360,146
409,OO,6743,ATW,ORD,3,360,55
410,OO,6766,GEG,SFO,3,360,136
411,OO,6820,RDD,SFO,3,360,78
412,OO,6836,PAH,ORD,3,360,78
413,OO,6893,ACV,SFO,3,360,82
414,OO,6918,CMX,ORD,3,360,82
415,OO,6930,ORD,TYS,3,360,87
416,OO,6936,SPI,ORD,3,360,60
417,OO,6948,COS,ORD,3,360,146
418,OO,6949,EUG,DEN,3,360,155
419,OO,6975,DFW,ORD,3,360,139
420,OO,6997,MKE,ORD,3,360,44
421,OO,7006,EUG,PDX,3,360,41
422,OO,7008,CIC,SFO,3,360,65
423,OO,7049,SEA,PDX,3,360,48
424,OO,7763,PIH,SLC,3,360,48
425,OO,7768,SGU,SLC,3,360,73
426,OO,7799,COD,SLC,3,360,89
427,UA,189,BWI,ORD,3,360,135
428,UA,18,LAX,DEN,3,360,146
429,UA,201,BOS,IAD,3,360,103
430,UA,203,BOS,ORD,3,360,171
431,UA,226,SFO,BOS,3,360,342
432,UA,234,OMA,ORD,3,360,96
433,UA,257,JAX,ORD,3,360,156
434,UA,303,JFK,SFO,3,360,404
435,UA,32,PDX,DEN,3,360,146
436,UA,337,PHL,ORD,3,360,137
437,UA,376,ORD,PHL,3,360,125
438,UA,410,SMF,DEN,3,360,144
439,UA,468,SEA,SFO,3,360,130
440,UA,475,CLT,ORD,3,360,133
441,UA,494,DSM,ORD,3,360,80
442,UA,506,SFO,PHX,3,360,120
443,UA,510,LAS,SFO,3,360,95
444,UA,520,MSP,ORD,3,360,84
445,UA,532,DEN,ORD,3,360,141
446,UA,650,BDL,IAD,3,360,94
447,UA,668,ORD,LGA,3,360,127
448,UA,669,LGA,ORD,3,360,150
449,UA,705,IAD,ORD,3,360,131
450,UA,707,ORD,DEN,3,360,160
451,UA,736,SFO,LAS,3,360,98
452,UA,740,OAK,DEN,3,360,146
453,UA,90,LAX,SFO,3,360,89
454,UA,922,ORD,IAD,3,360,108
455,US,1050,RDU,CLT,3,360,57
456,US,1262,MIA,PHL,3,360,169
457,US,1267,LGA,PHL,3,360,57
458,US,1296,STL,CLT,3,360,113
459,US,1440,BNA,CLT,3,360,74
460,US,1772,MHT,CLT,3,360,152
461,US,1997,ORD,CLT,3,360,118
462,US,2021,BOS,DCA,3,360,96
463,US,2114,LGA,BOS,3,360,62
464,US,2115,BOS,LGA,3,360,70
465,US,2158,DCA,LGA,3,360,60
466,US,2161,LGA,DCA,3,360,59
467,US,270,IAH,PHX,3,360,172
468,US,56,ORD,PHL,3,360,119
469,US,578,SFO,PHX,3,360,111
470,US,595,MCI,PHX,3,360,174
471,US,652,IND,PHX,3,360,235
472,US,86,OMA,PHX,3,360,175
473,US,952,FLL,PHL,3,360,157
474,US,985,MSY,CLT,3,360,108
475,WN,1067,OAK,SAN,3,360,85
476,WN,109,MSY,DEN,3,360,180
477,WN,1289,GEG,SEA,3,360,70
478,WN,1357,SMF,ONT,3,360,80
479,WN,1851,ONT,OAK,3,360,80
480,WN,1929,LAX,DEN,3,360,135
481,WN,2529,IND,DEN,3,360,185
482,WN,2643,SMF,LAX,3,360,80
483,WN,2891,MDW,IAD,3,360,105
484,WN,3061,LGA,MDW,3,360,150
485,WN,367,MDW,BNA,3,360,85
486,WN,3,LIT,DAL,3,360,70
487,WN,406,SEA,LAS,3,360,140
488,WN,425,BOS,MDW,3,360,175
489,WN,647,PHX,DEN,3,360,105
490,WN,702,MDW,LAS,3,360,245
491,WN,735,IAD,DEN,3,360,240
492,WN,748,SMF,DEN,3,360,145
493,WN,799,LAX,SFO,3,360,80
494,WN,944,OAK,ONT,3,360,75
495,XE,2143,GSP,IAH,3,360,160
496,XE,2231,JAN,IAH,3,360,77
497,XE,2384,SHV,IAH,3,360,55
498,XE,2485,ORF,IAH,3,360,201
499,XE,2614,CMH,EWR,3,360,97
500,XE,2644,GPT,IAH,3,360,81
501,XE,2652,LEX,IAH,3,360,159
502,XE,2745,BNA,EWR,3,360,127
503,XE,2904,GRR,CLE,3,360,58
504,XE,2997,MSP,EWR,3,360,158
505,XE,3037,CHS,IAH,3,360,167
506,XE,3047,BHM,IAH,3,360,116
507,XE,3066,RIC,EWR,3,360,69
508,XE,3115,PVD,CLE,3,360,117
509,XE,5905,ABE,ORD,3,360,136
510,XE,5924,ICT,ORD,3,360,110
511,XE,5941,TUL,ORD,3,360,113
512,XE,5949,BTV,ORD,3,360,159
513,XE,5958,GRB,ORD,3,360,60
514,XE,5983,CLE,IAD,3,360,75
515,XE,5984,TYS,IAD,3,360,95
516,XE,5986,FAR,ORD,3,360,112
517,XE,5991,XNA,ORD,3,360,105
518,XE,5992,FSD,ORD,3,360,96
519,YV,2692,MEM,CLT,3,360,105
520,YV,2718,MRY,PHX,3,360,145
521,YV,2931,SAT,PHX,3,360,146
522,YV,7218,ATL,IAD,3,360,100
523,YV,7236,ROC,ORD,3,360,117
524,YV,7238,ORD,JAX,3,360,135
525,YV,7287,ORF,ORD,3,360,143
526,B6,742,SJU,MCO,3,361,184
527,OO,6965,AVL,ORD,3,361,109
528,UA,664,SFO,ORD,3,361,249
529,CO,1406,PIT,IAH,3,362,188
530,OO,6497,BFL,DEN,3,362,144
531,OO,6749,RAP,DEN,3,362,76
532,OO,6829,SMF,SFO,3,362,48
533,OO,7052,DRO,DEN,3,362,76
534,UA,59,DEN,SFO,3,362,167
535,UA,635,RDU,ORD,3,362,139
536,UA,675,BUF,ORD,3,362,113
537,XE,5902,PIA,ORD,3,362,63
538,B6,1320,BWI,BOS,3,363,77
539,B6,740,PSE,JFK,3,363,237
540,DL,1943,EWR,ATL,3,363,156
541,XE,2006,GSO,EWR,3,363,89
542,XE,2783,TYS,IAH,3,363,142
543,HA,205,OGG,HNL,3,364,33
544,OO,6495,COS,LAX,3,364,161
545,OO,6991,BHM,ORD,3,364,132
546,UA,261,SFO,LAX,3,364,95
547,9E,3698,PIA,MSP,3,365,100
548,9E,3964,ALB,JFK,3,365,90
549,9E,4227,FWA,CVG,3,365,52
550,AA,1002,DEN,DFW,3,365,125
551,AA,1331,MCI,DFW,3,365,105
552,AA,1425,STL,ORD,3,365,75
553,AA,1698,SLC,DFW,3,365,170
554,AA,1851,DCA,MIA,3,365,160
555,AA,1938,MSP,MIA,3,365,225
556,AA,2127,PHL,MIA,3,365,175
557,AA,697,FLL,DFW,3,365,190
558,AA,705,LGA,DFW,3,365,250
559,AS,730,ANC,SEA,3,365,205
560,AS,73,SIT,JNU,3,365,42
561,B6,1235,BOS,RDU,3,365,125
562,B6,451,BOS,FLL,3,365,204
563,CO,1093,CMH,IAH,3,365,168
564,CO,1471,TUL,IAH,3,365,95
565,CO,151,RDU,IAH,3,365,180
566,CO,1831,PBI,IAH,3,365,163
567,DL,1024,BDL,ATL,3,365,175
568,DL,1583,RSW,CVG,3,365,141
569,DL,1937,BWI,DTW,3,365,103
570,DL,1982,MEM,ATL,3,365,85
571,DL,2385,BOS,CVG,3,365,145
572,DL,2931,LGA,DTW,3,365,118
573,DL,2940,OAK,SLC,3,365,108
574,EV,5343,GRR,ATL,3,365,130
575,FL,290,HOU,ATL,3,365,112
576,FL,461,BWI,ATL,3,365,126
577,MQ,3074,LAX,RNO,3,365,90
578,MQ,3366,CAE,DFW,3,365,185
579,MQ,3391,TXK,DFW,3,365,60
580,MQ,3894,XNA,ORD,3,365,100
581,MQ,4015,JAX,ORD,3,365,160
582,MQ,4077,ABE,ORD,3,365,140
583,OH,6358,LIT,DTW,3,365,131
584,OH,6522,PHL,MEM,3,365,178
585,OO,3045,DSM,MKE,3,365,66
586,OO,4794,ONT,SLC,3,365,104
587,OO,6232,FAT,LAS,3,365,77
588,OO,6558,RNO,DEN,3,365,129
589,OO,6722,PSC,DEN,3,365,139
590,OO,6750,ORD,ATL,3,365,124
591,UA,112,ONT,DEN,3,365,139
592,UA,524,ORD,BOS,3,365,139
593,UA,600,ORD,DCA,3,365,111
594,UA,634,ORD,EWR,3,365,125
595,US,486,RNO,PHX,3,365,107
596,WN,1136,LAS,LAX,3,365,65
597,WN,1426,STL,DAL,3,365,110
598,WN,1461,DEN,LAS,3,365,120
599,WN,1481,BNA,DEN,3,365,185
600,WN,1687,STL,DEN,3,365,150
601,WN,1772,SFO,SAN,3,365,85
602,WN,1824,MHT,BWI,3,365,110
603,WN,1945,SEA,DEN,3,365,160
604,WN,2557,STL,MDW,3,365,65
605,WN,2885,LAS,DEN,3,365,115
606,WN,28,BOS,BWI,3,365,110
607,WN,317,MDW,DEN,3,365,170
608,WN,3842,LAS,PHX,3,365,70
609,WN,388,AUS,ELP,3,365,100
610,WN,410,CMH,MDW,3,365,70
611,WN,673,DAL,SAT,3,365,65
612,XE,2528,MHT,CLE,3,365,119
613,XE,2696,DAY,CLE,3,365,54
614,XE,2995,IAD,IAH,3,365,211
615,CO,689,DTW,IAH,3,366,185
616,OO,6369,TUS,SFO,3,367,133
617,OO,6374,PSP,SFO,3,367,88
618,YV,7305,CLT,IAD,3,367,79
619,9E,3683,SCE,DTW,3,370,90
620,AA,1032,ONT,DFW,3,370,180
621,AA,1354,LAS,MIA,3,370,265
622,AA,1723,BWI,MIA,3,370,160
623,AA,2410,LAX,DFW,3,370,185
624,AA,301,LGA,ORD,3,370,160
625,AA,398,ORD,LGA,3,370,120
626,AA,488,SEA,DFW,3,370,230
627,AA,532,DFW,RDU,3,370,145
628,AA,700,DFW,LGA,3,370,190
629,AA,817,BNA,DFW,3,370,130
630,AS,151,ANC,OTZ,3,370,95
631,AS,340,SEA,OAK,3,370,122
632,AS,561,LAX,PDX,3,370,147
633,DL,1453,LGA,MSP,3,370,184
634,DL,1597,PHL,MSP,3,370,180
635,DL,1661,DTW,ATL,3,370,136
636,DL,1815,LGA,CVG,3,370,129
637,DL,2782,MSY,MEM,3,370,83
638,DL,2865,BUF,ATL,3,370,154
639,DL,328,JAN,ATL,3,370,83
640,EV,5176,VPS,MEM,3,370,88
641,EV,5247,DCA,MEM,3,370,147
642,EV,5612,MEI,ATL,3,370,68
643,EV,7119,ROC,IAD,3,370,80
644,EV,7132,CAE,IAD,3,370,83
645,F9,453,LGA,MKE,3,370,135
646,F9,653,ATL,DEN,3,370,201
647,FL,411,PWM,BWI,3,370,102
648,FL,69,IAD,ATL,3,370,119
649,FL,989,PIT,ATL,3,370,120
650,MQ,2743,FAY,DFW,3,370,195
651,MQ,3612,BHM,MIA,3,370,115
652,MQ,3685,MEM,MIA,3,370,145
653,MQ,4076,FAR,ORD,3,370,130
654,MQ,4117,TRI,ORD,3,370,110
655,MQ,4152,AZO,ORD,3,370,60
656,MQ,4414,RDU,JFK,3,370,95
657,MQ,4419,RDU,DCA,3,370,65
658,OH,6340,EWR,MEM,3,370,187
659,OH,6360,MDT,DTW,3,370,107
660,OH,6397,SYR,JFK,3,370,90
661,OH,6405,GSO,ATL,3,370,93
662,OH,6686,STL,CVG,3,370,73
663,OH,6770,IND,DCA,3,370,100
664,OO,4531,FCA,SLC,3,370,97
665,OO,4681,EUG,SLC,3,370,113
666,OO,4682,SJC,SLC,3,370,112
667,OO,4713,RAP,SLC,3,370,104
668,OO,4729,MFR,SLC,3,370,112
669,OO,4756,MCI,SLC,3,370,162
670,OO,6364,SBA,LAX,3,370,48
671,OO,6465,SLC,LAX,3,370,120
672,OO,6674,FAT,DEN,3,370,134
673,OO,6716,CRW,ORD,3,370,97
674,OO,6826,MRY,SFO,3,370,35
675,OO,6850,ORD,MBS,3,370,60
676,UA,414,ORD,BDL,3,370,129
677,UA,732,SEA,ORD,3,370,242
678,UA,893,BOS,SFO,3,370,410
679,UA,966,LAX,IAD,3,370,292
680,US,1223,SYR,DCA,3,370,82
681,US,12,SMF,PHX,3,370,109
682,US,1703,PVD,DCA,3,370,87
683,US,506,BOS,PHX,3,370,364
684,US,590,OAK,PHX,3,370,112
685,US,641,DFW,PHX,3,370,157
686,WN,1105,LAS,MDW,3,370,215
687,WN,1762,OAK,DEN,3,370,155
688,WN,3060,LAX,PHX,3,370,75
689,WN,3684,SAT,DEN,3,370,145
690,WN,3762,MSP,STL,3,370,105
691,WN,379,OAK,SEA,3,370,125
692,WN,380,SFO,DEN,3,370,155
693,WN,682,AUS,DEN,3,370,140
694,WN,821,OAK,LAX,3,370,75
695,XE,2251,IND,EWR,3,370,114
696,XE,2323,ALB,CLE,3,370,102
697,XE,2445,BOS,CLE,3,370,125
698,XE,2585,STL,EWR,3,370,137
699,XE,2718,BWI,EWR,3,370,54
700,XE,5998,ROA,IAD,3,370,65
701,YV,2735,ELP,PHX,3,370,80
702,YV,2933,ABQ,PHX,3,370,76
703,OO,6759,LIT,ORD,3,371,115
704,UA,791,LAS,DEN,3,371,120
705,UA,894,DEN,LAX,3,371,159
706,OO,6320,LAX,SAN,3,372,48
707,UA,871,MCI,DEN,3,372,118
708,XE,5950,BUF,IAD,3,372,74
709,HA,107,KOA,HNL,3,373,42
710,UA,243,MSP,DEN,3,373,139
711,UA,796,RDU,IAD,3,373,69
712,UA,812,GEG,DEN,3,373,133
713,XE,3081,BTV,EWR,3,373,77
714,9E,3692,FSD,DTW,3,375,130
715,9E,3751,ROC,DTW,3,375,103
716,9E,3815,PNS,MEM,3,375,91
717,9E,3946,MSN,MEM,3,375,118
718,9E,3997,MLI,MEM,3,375,96
719,9E,4259,PLN,DTW,3,375,95
720,9E,4388,IAD,DTW,3,375,108
721,9E,4390,CID,DTW,3,375,106
722,AA,2258,SAT,DFW,3,375,65
723,B6,1249,BOS,IAD,3,375,100
724,CO,1576,SJC,IAH,3,375,228
725,CO,1649,FLL,IAH,3,375,164
726,CO,223,SEA,IAH,3,375,245
727,DL,1125,PHF,ATL,3,375,116
728,DL,1244,HOU,ATL,3,375,130
729,DL,1408,DEN,MSP,3,375,129
730,DL,1432,BWI,MEM,3,375,147
731,DL,1516,DEN,ATL,3,375,170
732,DL,1762,BNA,DTW,3,375,126
733,DL,1909,FNT,ATL,3,375,146
734,DL,1999,MCI,MEM,3,375,88
735,DL,2052,MSY,ATL,3,375,95
736,DL,2154,LAX,ATL,3,375,252
737,DL,2570,LAX,SLC,3,375,119
738,DL,2578,SAN,SLC,3,375,120
739,EV,4993,ATL,DTW,3,375,110
740,EV,5075,MDT,ATL,3,375,133
741,EV,5182,GNV,ATL,3,375,75
742,EV,5364,MGM,MEM,3,375,76
743,EV,5611,LEX,ATL,3,375,85
744,EV,7349,OKC,MEM,3,375,93
745,F9,103,MSP,DEN,3,375,131
746,F9,143,HOU,DEN,3,375,146
747,F9,192,DAY,DEN,3,375,189
748,F9,262,STL,DEN,3,375,144
749,F9,319,DCA,MKE,3,375,130
750,F9,38,SEA,DEN,3,375,154
751,F9,496,CAK,DEN,3,375,202
752,FL,582,GRR,BWI,3,375,95
753,FL,656,SAT,ATL,3,375,131
754,FL,96,RDU,ATL,3,375,85
755,MQ,2810,SHV,DFW,3,375,60
756,MQ,3314,FWA,DFW,3,375,165
757,MQ,3600,CHS,MIA,3,375,105
758,MQ,4199,EVV,ORD,3,375,85
759,MQ,4503,CMH,JFK,3,375,105
760,MQ,4576,LGA,CLT,3,375,120
761,MQ,4590,MSP,LGA,3,375,164
762,MQ,4599,LGA,MSP,3,375,175
763,OH,6566,RIC,JFK,3,375,85
764,OH,6594,BHM,LGA,3,375,150
765,OO,4478,ORD,SLC,3,375,205
766,OO,4553,LAX,LAS,3,375,70
767,OO,4654,HLN,SLC,3,375,69
768,OO,6463,SMF,LAX,3,375,95
769,OO,6992,DLH,ORD,3,375,90
770,UA,33,DFW,DEN,3,375,136
771,US,1125,BDL,CLT,3,375,140
772,US,1433,BOS,CLT,3,375,152
773,US,1517,BDL,DCA,3,375,81
774,US,1626,CLT,LGA,3,375,100
775,US,1812,PHL,BOS,3,375,74
776,WN,1056,STL,LAS,3,375,235
777,WN,107,MDW,PHL,3,375,125
778,WN,1155,ONT,PHX,3,375,70
779,WN,1199,OKC,HOU,3,375,85
780,WN,1320,LAS,SEA,3,375,165
781,WN,1400,DEN,MDW,3,375,145
782,WN,1628,DAL,HOU,3,375,60
783,WN,1636,HOU,DAL,3,375,60
784,WN,1657,ELP,SAT,3,375,80
785,WN,1915,BDL,BWI,3,375,80
786,WN,2377,PIT,MCO,3,375,150
787,WN,2706,ELP,AUS,3,375,85
788,WN,3756,LAX,SMF,3,375,80
789,WN,3915,AUS,HOU,3,375,50
790,WN,532,PHX,MDW,3,375,200
791,WN,568,BHM,PHX,3,375,240
792,WN,685,OMA,STL,3,375,70
793,WN,697,LBB,AUS,3,375,70
794,WN,6,CRP,HOU,3,375,50
795,WN,756,MDW,MCI,3,375,95
796,WN,840,DEN,PHX,3,375,120
797,WN,912,OAK,SNA,3,375,85
798,XE,2046,AEX,IAH,3,375,62
799,XE,2072,RIC,IAH,3,375,199
800,XE,2175,BNA,IAH,3,375,134
801,XE,2535,SDF,EWR,3,375,114
802,XE,2853,DAY,EWR,3,375,108
803,XE,2946,JAX,EWR,3,375,132
804,YV,2631,EWR,CLT,3,375,115
805,YV,2924,AUS,PHX,3,375,148
806,HA,113,HNL,LIH,3,376,35
807,UA,472,SMF,ORD,3,376,245
808,OO,6314,PSP,LAX,3,377,47
809,UA,185,PHL,SFO,3,377,389
810,UA,671,PHX,SFO,3,377,138
811,OO,6438,GJT,DEN,3,378,60
812,OO,6568,SAN,LAX,3,378,52
813,OO,7037,CPR,DEN,3,378,69
814,UA,16,SAN,ORD,3,378,244
815,UA,484,SAN,DEN,3,378,149
816,OH,6621,LEX,DTW,3,379,86
817,UA,988,DSM,DEN,3,379,127
818,9E,3684,PIT,JFK,3,380,106
819,9E,3779,FSM,MEM,3,380,67
820,9E,3934,TUL,MEM,3,380,83
821,9E,4052,DAL,MEM,3,380,88
822,9E,4138,BUF,DTW,3,380,85
823,AA,1096,SAN,ORD,3,380,250
824,AA,1185,RDU,DFW,3,380,200
825,AA,1280,SJC,DFW,3,380,215
826,AA,1433,BDL,MIA,3,380,205
827,AA,1434,DFW,MCO,3,380,145
828,AA,1466,DFW,BOS,3,380,200
829,AA,2065,MFE,DFW,3,380,95
830,AA,2515,STL,MIA,3,380,160
831,AA,496,ORD,DCA,3,380,99
832,AA,689,ORF,DFW,3,380,220
833,AA,971,ATL,MIA,3,380,110
834,AS,477,LAX,SEA,3,380,165
835,AS,537,ONT,SEA,3,380,166
836,AS,658,PDX,SJC,3,380,108
837,B6,1321,BOS,BWI,3,380,89
838,CO,605,OKC,IAH,3,380,80
839,DL,1212,LAX,MSP,3,380,220
840,DL,1449,IAD,ATL,3,380,129
841,DL,1756,SAT,MSP,3,380,168
842,DL,1872,TPA,ATL,3,380,90
843,DL,2346,PDX,ATL,3,380,279
844,DL,2414,FLL,JFK,3,380,169
845,DL,2513,MSP,ATL,3,380,167
846,EV,4991,MYR,ATL,3,380,81
847,EV,5428,LFT,MEM,3,380,83
848,EV,7095,GSO,IAD,3,380,67
849,F9,650,SFO,DEN,3,380,150
850,F9,765,AUS,DEN,3,380,133
851,FL,132,TPA,ATL,3,380,95
852,FL,300,DEN,ATL,3,380,167
853,FL,684,ICT,ATL,3,380,126
854,FL,806,BOS,BWI,3,380,93
855,MQ,2985,AGS,DFW,3,380,175
856,MQ,3081,SAN,LAX,3,380,45
857,MQ,3302,MLI,DFW,3,380,140
858,MQ,4004,CVG,ORD,3,380,80
859,MQ,4278,CMI,ORD,3,380,55
860,OO,4529,OMA,SLC,3,380,156
861,OO,4554,GTF,SLC,3,380,88
862,OO,4638,SAN,LAX,3,380,49
863,OO,4667,TUL,SLC,3,380,154
864,OO,6454,MSN,ORD,3,380,55
865,OO,6701,FAR,DEN,3,380,128
866,OO,6832,SBA,SFO,3,380,88
867,OO,6974,HDN,DEN,3,380,67
868,UA,143,TPA,ORD,3,380,170
869,UA,353,LAX,LAS,3,380,80
870,UA,381,BDL,ORD,3,380,161
871,UA,658,SJC,DEN,3,380,156
872,US,1434,MIA,CLT,3,380,126
873,US,542,SJC,PHX,3,380,113
874,WN,1329,ONT,SMF,3,380,90
875,WN,1472,DEN,LAX,3,380,155
876,WN,1566,ALB,BWI,3,380,95
877,WN,1591,PHL,BOS,3,380,80
878,WN,220,BHM,HOU,3,380,115
879,WN,2552,RNO,LAS,3,380,80
880,WN,496,PDX,DEN,3,380,145
881,WN,758,DAL,LIT,3,380,60
882,WN,831,PHL,MDW,3,380,135
883,WN,909,ECP,BWI,3,380,130
884,XE,2208,MCI,EWR,3,380,157
885,XE,2788,CVG,EWR,3,380,112
886,YV,2934,BFL,PHX,3,380,92
887,FL,1435,PHF,BOS,3,381,89
888,HA,105,OGG,HNL,3,381,33
889,UA,132,PDX,ORD,3,381,234
890,UA,73,SAN,SFO,3,382,103
891,DL,1241,GSP,ATL,3,383,63
892,HA,101,ITO,HNL,3,383,49
893,UA,91,EWR,SFO,3,383,393
894,XE,2164,PIT,EWR,3,383,83
895,DL,1260,GEG,SLC,3,384,110
896,OO,6727,MTJ,DEN,3,384,63
897,9E,3928,PIA,DTW,3,385,93
898,AA,1361,HSV,DFW,3,385,135
899,AA,1462,MCI,ORD,3,385,95
900,AA,2042,DFW,FLL,3,385,150
901,AA,404,MIA,MCO,3,385,60
902,AA,419,BOS,DFW,3,385,270
903,AA,509,DTW,DFW,3,385,185
904,AA,608,SAN,DFW,3,385,185
905,AA,810,SFO,ORD,3,385,255
906,AS,304,SEA,SFO,3,385,133
907,B6,110,MSY,JFK,3,385,163
908,CO,1087,MCO,IAH,3,385,150
909,CO,1437,TPA,IAH,3,385,142
910,CO,625,EWR,CLE,3,385,100
911,CO,651,AUS,EWR,3,385,205
912,CO,724,CLE,EWR,3,385,83
913,DL,1092,TPA,DTW,3,385,169
914,DL,1192,SMF,SLC,3,385,103
915,DL,1592,SAN,ATL,3,385,249
916,DL,2163,DCA,MSP,3,385,173
917,DL,2258,RDU,MSP,3,385,184
918,DL,2283,CAE,ATL,3,385,78
919,DL,2728,RNO,SLC,3,385,92
920,DL,2938,ATL,DCA,3,385,94
921,EV,7305,HSV,MEM,3,385,67
922,EV,7372,GPT,MEM,3,385,83
923,F9,71,DTW,DEN,3,385,189
924,F9,790,PDX,DEN,3,385,144
925,FL,431,MKE,ATL,3,385,129
926,FL,516,CMH,ATL,3,385,108
927,MQ,2782,LEX,DFW,3,385,160
928,MQ,2830,PNS,DFW,3,385,125
929,MQ,4375,DCA,RDU,3,385,65
930,MQ,4464,LGA,BOS,3,385,65
931,OH,6421,EWR,CVG,3,385,140
932,OO,4489,COS,SLC,3,385,95
933,OO,4551,RDM,SLC,3,385,101
934,OO,4624,FAT,SLC,3,385,104
935,OO,4645,BTM,SLC,3,385,73
936,OO,4714,CPR,SLC,3,385,73
937,OO,4840,BIL,SLC,3,385,80
938,OO,6401,EUG,SFO,3,385,96
939,OO,6547,IAH,ORD,3,385,151
940,US,1019,PVD,CLT,3,385,143
941,US,1656,BUF,CLT,3,385,116
942,US,220,SAN,PHX,3,385,84
943,US,375,JFK,CLT,3,385,120
944,WN,1019,SFO,LAX,3,385,75
945,WN,1093,BUF,BWI,3,385,90
946,WN,1633,LAS,TUS,3,385,75
947,WN,205,SAT,MDW,3,385,155
948,WN,2102,LAS,SJC,3,385,85
949,WN,219,SMF,LAS,3,385,80
950,WN,264,DEN,STL,3,385,120
951,WN,3073,PVD,BWI,3,385,90
952,WN,370,PDX,SJC,3,385,105
953,WN,550,PHX,SJC,3,385,125
954,WN,579,LAX,OAK,3,385,80
955,WN,609,ABQ,PHX,3,385,80
956,WN,703,DAL,TUL,3,385,60
957,WN,734,DEN,MCI,3,385,105
958,WN,792,DTW,BNA,3,385,105
959,WN,863,MSY,HOU,3,385,75
960,WN,8,HRL,HOU,3,385,60
961,XE,2094,DTW,EWR,3,385,97
962,XE,2169,EWR,CMH,3,385,114
963,XE,2377,DSM,IAH,3,385,150
964,XE,2419,CLT,CLE,3,385,92
965,XE,2563,EWR,STL,3,385,172
966,XE,2660,XNA,IAH,3,385,104
967,XE,2927,DCA,CLE,3,385,72
968,XE,5973,TVC,ORD,3,385,79
969,YV,2702,SBP,PHX,3,385,94
970,YV,2903,SBA,PHX,3,385,91
971,OO,6828,RNO,SFO,3,386,69
972,XE,3067,PVD,EWR,3,386,64
973,UA,491,OKC,DEN,3,387,113
974,9E,3931,MBS,MSP,3,388,102
975,FL,234,RIC,ATL,3,388,107
976,OO,6517,TUS,LAX,3,388,95
977,OO,6933,ORD,LAN,3,388,49
978,XE,2821,ORF,CLE,3,388,107
979,XE,2921,GRR,IAH,3,388,182
980,OO,6243,SAT,LAX,3,389,201
981,OO,6564,COS,DEN,3,389,49
982,XE,2183,EWR,IND,3,389,139
983,XE,2437,EWR,RDU,3,389,104
984,XE,2549,EWR,CVG,3,389,131
985,9E,3669,SGF,MEM,3,390,75
986,9E,3778,COU,MEM,3,390,82
987,9E,3890,DLH,DTW,3,390,112
988,9E,3970,BHM,MEM,3,390,68
989,9E,3974,TVC,DTW,3,390,82
990,9E,4001,ORD,MEM,3,390,115
991,9E,4014,IND,DTW,3,390,80
992,9E,4117,ROC,ATL,3,390,145
993,9E,4211,STL,MEM,3,390,75
994,9E,4251,RDU,CVG,3,390,100
995,AA,1083,IAD,DFW,3,390,210
996,AA,1182,LAX,AUS,3,390,175
997,AA,1637,MCO,ORD,3,390,185
998,AA,201,JFK,LAX,3,390,385
999,AA,2401,DFW,LAX,3,390,205
1000,AA,851,TUL,ORD,3,390,120
1001,AS,232,SEA,SAN,3,390,154
1002,AS,493,SAN,SEA,3,390,183
1003,AS,502,SEA,SNA,3,390,161
1004,B6,1012,JFK,BOS,3,390,65
1005,B6,1790,DCA,BOS,3,390,85
1006,B6,591,HPN,MCO,3,390,164
1007,B6,921,BOS,ORD,3,390,169
1008,CO,1116,EWR,BOS,3,390,72
1009,CO,1121,BOS,EWR,3,390,81
1010,CO,338,EWR,MIA,3,390,187
1011,CO,350,EWR,AUS,3,390,260
1012,CO,501,IND,IAH,3,390,147
1013,CO,561,SAT,EWR,3,390,212
1014,DL,1162,BNA,ATL,3,390,90
1015,DL,1209,BOS,SLC,3,390,342
1016,DL,1254,PNS,ATL,3,390,83
1017,DL,132,SFO,JFK,3,390,330
1018,DL,1370,LGA,BOS,3,390,69
1019,DL,1373,BOS,LGA,3,390,82
1020,DL,1418,MCO,ATL,3,390,94
1021,DL,1758,CHS,ATL,3,390,75
1022,DL,1871,BOI,SLC,3,390,70
1023,DL,1981,MSP,MEM,3,390,125
1024,DL,2061,PHL,ATL,3,390,140
1025,DL,246,LAX,JFK,3,390,320
1026,DL,2504,SAV,ATL,3,390,74
1027,DL,2613,TYS,ATL,3,390,64
1028,DL,2700,SJC,MSP,3,390,228
1029,DL,2724,BIS,MSP,3,390,79
1030,DL,2826,JAX,ATL,3,390,89
1031,DL,2853,HSV,ATL,3,390,80
1032,DL,2956,SAN,JFK,3,390,324
1033,DL,2960,MIA,ATL,3,390,127
1034,EV,5078,BTR,MEM,3,390,76
1035,EV,5272,MOB,MEM,3,390,76
1036,EV,5413,ATW,ATL,3,390,138
1037,EV,5590,XNA,MEM,3,390,66
1038,EV,5600,VPS,ATL,3,390,90
1039,EV,7311,MLU,MEM,3,390,70
1040,EV,7320,SHV,MEM,3,390,66
1041,EV,7360,JAN,MEM,3,390,64
1042,F9,416,LAX,DEN,3,390,140
1043,F9,510,SAN,DEN,3,390,143
1044,FL,100,DFW,ATL,3,390,125
1045,FL,1270,DAY,MCO,3,390,146
1046,FL,260,DCA,MKE,3,390,125
1047,FL,409,IND,ATL,3,390,104
1048,FL,715,CAK,LGA,3,390,98
1049,FL,805,BWI,BOS,3,390,82
1050,FL,923,MCI,ATL,3,390,125
1051,MQ,2738,GSP,DFW,3,390,175
1052,MQ,2935,MSN,DFW,3,390,160
1053,MQ,2943,DFW,CVG,3,390,130
1054,MQ,3007,SBA,LAX,3,390,45
1055,MQ,3203,DFW,AMA,3,390,75
1056,MQ,3307,DFW,CRP,3,390,80
1057,MQ,3322,GSO,DFW,3,390,200
1058,MQ,3393,DFW,MKE,3,390,140
1059,MQ,3534,LIT,DFW,3,390,80
1060,MQ,3614,CLE,MIA,3,390,185
1061,MQ,3665,PIT,MIA,3,390,180
1062,MQ,3923,FSD,ORD,3,390,105
1063,MQ,4069,BMI,ORD,3,390,50
1064,MQ,4174,BUF,ORD,3,390,120
1065,MQ,4187,DSM,ORD,3,390,85
1066,MQ,4436,BNA,DCA,3,390,105
1067,MQ,4652,ATL,LGA,3,390,120
1068,OH,6276,CRW,DTW,3,390,79
1069,OH,6417,DAY,MSP,3,390,144
1070,OH,6597,JFK,CVG,3,390,135
1071,OH,6658,CMH,DCA,3,390,81
1072,OO,4575,OKC,SLC,3,390,142
1073,OO,4629,PSC,SLC,3,390,90
1074,OO,4657,LEX,MSP,3,390,130
1075,OO,4671,MSO,SLC,3,390,82
1076,OO,4762,PSP,SLC,3,390,102
1077,OO,4826,FAR,SLC,3,390,145
1078,OO,4881,MKE,MEM,3,390,115
1079,OO,7011,SMX,LAX,3,390,57
1080,OO,7800,TWF,SLC,3,390,55
1081,UA,837,DFW,SFO,3,390,241
1082,UA,89,PVD,ORD,3,390,165
1083,US,1085,LAS,CLT,3,390,245
1084,US,1210,DFW,PHL,3,390,185
1085,US,1293,BOS,PHL,3,390,93
1086,US,1525,FLL,CLT,3,390,115
1087,US,1539,LGA,CLT,3,390,127
1088,US,1592,ATL,PHL,3,390,115
1089,US,1613,EWR,CLT,3,390,124
1090,US,1744,CLT,PHL,3,390,97
1091,US,1800,PBI,CLT,3,390,112
1092,US,183,ONT,PHX,3,390,75
1093,US,2020,DCA,BOS,3,390,79
1094,US,250,SAN,PHX,3,390,84
1095,US,522,EWR,PHX,3,390,345
1096,US,567,LAX,PHX,3,390,80
1097,US,57,LAS,PHX,3,390,74
1098,US,654,JFK,PHX,3,390,349
1099,US,680,PHX,CLT,3,390,225
1100,US,700,LAX,PHL,3,390,300
1101,US,829,DTW,CLT,3,390,103
1102,WN,1092,MDW,STL,3,390,65
1103,WN,1107,LIT,STL,3,390,70
1104,WN,1127,AUS,DAL,3,390,55
1105,WN,1254,TUS,DEN,3,390,115
1106,WN,1326,MHT,MDW,3,390,165
1107,WN,1585,MDW,CMH,3,390,70
1108,WN,1683,SAN,SJC,3,390,90
1109,WN,1751,HOU,STL,3,390,115
1110,WN,1868,OMA,MDW,3,390,85
1111,WN,201,DAL,HOU,3,390,60
1112,WN,2264,BNA,BWI,3,390,100
1113,WN,2442,DAL,AUS,3,390,55
1114,WN,2459,OKC,DEN,3,390,100
1115,WN,249,SJC,LAX,3,390,75
1116,WN,250,FLL,MCO,3,390,55
1117,WN,2990,SJC,SNA,3,390,75
1118,WN,2,HOU,DAL,3,390,55
1119,WN,324,GEG,DEN,3,390,135
1120,WN,3485,CLE,BNA,3,390,100
1121,WN,459,ONT,DEN,3,390,135
1122,WN,535,ISP,MDW,3,390,155
1123,WN,760,PVD,MDW,3,390,165
1124,WN,779,BWI,MCO,3,390,140
1125,WN,900,SAN,PHX,3,390,75
1126,WN,971,LAS,ONT,3,390,55
1127,XE,2149,DAL,IAH,3,390,58
1128,XE,2187,EWR,MSP,3,390,192
1129,XE,2281,PNS,IAH,3,390,100
1130,XE,2327,ICT,IAH,3,390,107
1131,XE,2392,HSV,IAH,3,390,119
1132,XE,2458,EWR,BNA,3,390,154
1133,XE,2684,MEM,IAH,3,390,104
1134,XE,2719,GRK,IAH,3,390,60
1135,XE,2959,MOB,IAH,3,390,94
1136,XE,3017,VPS,IAH,3,390,114
1137,XE,3030,CRP,IAH,3,390,59
1138,YV,2601,CLE,CLT,3,390,102
1139,YV,2816,FAT,PHX,3,390,96
1140,B6,1250,IAD,BOS,3,391,89
1141,UA,187,IAD,SFO,3,391,368
1142,UA,530,ORD,MSP,3,391,94
1143,UA,61,IAH,SFO,3,391,261
1144,UA,636,ORD,PIT,3,391,88
1145,OH,6457,ORF,CVG,3,392,121
1146,XE,5985,BNA,ORD,3,392,107
1147,OO,6301,RNO,LAX,3,393,86
1148,OO,6500,SJC,LAX,3,393,77
1149,OO,7767,GCC,RKS,3,393,77
1150,UA,268,OMA,DEN,3,393,107
1151,HA,104,LIH,HNL,3,394,30
1152,HA,114,HNL,OGG,3,394,36
1153,OO,6271,ORD,FWA,3,394,51
1154,9E,3808,BMI,DTW,3,395,87
1155,AA,1399,DEN,ORD,3,395,155
1156,AA,1810,AUS,DFW,3,395,65
1157,AA,1887,DFW,LAS,3,395,175
1158,AA,876,ORD,BOS,3,395,135
1159,CO,1179,EWR,ORD,3,395,149
1160,CO,1563,RSW,IAH,3,395,150
1161,DL,1413,CLT,MEM,3,395,119
1162,DL,1490,MSP,DTW,3,395,112
1163,DL,1542,SEA,JFK,3,395,320
1164,DL,2244,SAN,MSP,3,395,229
1165,DL,2673,LGA,MEM,3,395,185
1166,DL,2946,IAH,MSP,3,395,169
1167,EV,4988,ABE,ATL,3,395,145
1168,F9,304,GEG,DEN,3,395,130
1169,F9,855,DEN,PHX,3,395,110
1170,FL,848,MCO,ATL,3,395,96
1171,MQ,2878,GJT,DFW,3,395,135
1172,MQ,2940,ABI,DFW,3,395,50
1173,MQ,4488,CRW,LGA,3,395,100
1174,OH,6643,BOS,DCA,3,395,110
1175,OO,4458,BZN,SLC,3,395,75
1176,OO,4869,MEM,SLC,3,395,206
1177,US,1583,PHL,CLT,3,395,102
1178,WN,1013,PDX,PHX,3,395,155
1179,WN,1147,LAX,SJC,3,395,65
1180,WN,12,MCO,HOU,3,395,160
1181,WN,134,SAN,DEN,3,395,140
1182,WN,137,SAT,HOU,3,395,50
1183,WN,178,BWI,BOS,3,395,80
1184,WN,1839,IAD,MDW,3,395,120
1185,WN,185,IND,BWI,3,395,100
1186,WN,1949,FLL,TPA,3,395,60
1187,WN,200,BWI,DEN,3,395,255
1188,WN,2903,SJC,SAN,3,395,80
1189,WN,326,LAX,LAS,3,395,60
1190,WN,3307,BDL,MDW,3,395,160
1191,WN,3854,PHX,PDX,3,395,175
1192,WN,495,LAS,SFO,3,395,95
1193,WN,5,TUL,DAL,3,395,60
1194,WN,690,DEN,BWI,3,395,205
1195,WN,715,MDW,BOS,3,395,135
1196,WN,752,HOU,DEN,3,395,155
1197,WN,7,MCI,DAL,3,395,95
1198,WN,806,OAK,PDX,3,395,105
1199,WN,870,ABQ,DAL,3,395,100
1200,XE,2091,CVG,IAH,3,395,164
1201,DL,2624,MSN,MSP,3,396,70
1202,UA,507,ORD,DFW,3,396,158
1203,EV,7130,SAV,ORD,3,397,150
1204,UA,37,MCO,SFO,3,397,369
1205,OO,6293,FSD,DEN,3,398,102
1206,UA,891,JFK,LAX,3,398,380
1207,XE,2367,DAY,IAH,3,398,171
1208,UA,394,LAS,ORD,3,399,216
1209,UA,875,ICT,DEN,3,399,101
1210,9E,3995,GRB,MSP,3,400,75
1211,9E,4360,LNK,MSP,3,400,82
1212,AA,1019,CLT,DFW,3,400,185
1213,AA,1467,MSY,DFW,3,400,100
1214,AA,1477,PHL,DFW,3,400,235
1215,AA,1789,ICT,DFW,3,400,85
1216,AA,495,MIA,DFW,3,400,195
1217,AA,536,DFW,ATL,3,400,125
1218,AS,560,PDX,LAX,3,400,137
1219,AS,573,SAN,PDX,3,400,159
1220,AS,634,PDX,PHX,3,400,158
1221,B6,423,BOS,PBI,3,400,195
1222,CO,132,SAN,IAH,3,400,190
1223,CO,762,MSY,IAH,3,400,70
1224,DL,1040,COS,ATL,3,400,169
1225,DL,1071,MKE,MSP,3,400,83
1226,DL,1100,LAS,SLC,3,400,82
1227,DL,1308,AUS,ATL,3,400,142
1228,DL,1486,ATL,LGA,3,400,127
1229,DL,1829,GRR,DTW,3,400,70
1230,DL,2029,SMF,MSP,3,400,217
1231,DL,2381,SAT,ATL,3,400,138
1232,DL,2514,STL,DTW,3,400,100
1233,DL,2526,FLL,ATL,3,400,123
1234,DL,2589,DAB,ATL,3,400,92
1235,DL,2998,PDX,JFK,3,400,319
1236,EV,5207,CHA,ATL,3,400,52
1237,EV,5522,ICT,ATL,3,400,129
1238,F9,110,DEN,MSP,3,400,117
1239,F9,366,DEN,MKE,3,400,133
1240,FL,1621,PHL,MCO,3,400,158
1241,FL,29,MDW,ATL,3,400,116
1242,FL,311,CLT,ATL,3,400,78
1243,FL,561,BMI,ATL,3,400,104
1244,FL,573,LGA,MKE,3,400,146
1245,FL,931,JAX,ATL,3,400,77
1246,MQ,3025,LAX,SAN,3,400,45
1247,MQ,3193,LAX,SJC,3,400,75
1248,MQ,3315,DFW,JAN,3,400,80
1249,MQ,3542,CLE,DFW,3,400,185
1250,MQ,3704,ELP,ORD,3,400,175
1251,MQ,4243,RDU,ORD,3,400,140
1252,MQ,4355,OKC,ORD,3,400,135
1253,OO,4743,CLE,MSP,3,400,135
1254,OO,4871,BIS,SLC,3,400,121
1255,OO,6540,BIS,DEN,3,400,107
1256,UA,471,TUL,DEN,3,400,110
1257,UA,954,LAX,SFO,3,400,85
1258,US,202,LAS,PHX,3,400,74
1259,US,365,BWI,PHX,3,400,320
1260,US,864,JAX,PHL,3,400,126
1261,WN,1075,SAT,ELP,3,400,90
1262,WN,1091,DAL,ELP,3,400,110
1263,WN,1122,DTW,DEN,3,400,200
1264,WN,1148,HOU,MDW,3,400,150
1265,WN,1170,OAK,PHX,3,400,115
1266,WN,1252,STL,BWI,3,400,120
1267,WN,1482,BUF,MCO,3,400,170
1268,WN,1615,MSP,DEN,3,400,140
1269,WN,1659,CMH,BWI,3,400,70
1270,WN,1753,ISP,BWI,3,400,75
1271,WN,2116,PIT,BWI,3,400,75
1272,WN,2276,LAS,SLC,3,400,80
1273,WN,3494,LAS,LAX,3,400,65
1274,WN,452,MAF,DAL,3,400,70
1275,WN,960,SAN,BWI,3,400,295
1276,WN,973,SJC,DEN,3,400,145
1277,XE,2086,LIT,EWR,3,400,165
1278,XE,3133,EWR,CLT,3,400,130
1279,XE,2190,MHT,EWR,3,401,79
1280,XE,3132,CLT,EWR,3,401,108
1281,B6,1278,RIC,BOS,3,402,93
1282,OO,6384,BOI,ORD,3,402,198
1283,OO,6428,LAS,LAX,3,402,70
1284,XE,5975,ORD,DSM,3,402,72
1285,UA,163,BOS,LAX,3,404,396
1286,9E,3690,LAN,MSP,3,405,112
1287,9E,4127,BDL,RDU,3,405,123
1288,AA,1114,MIA,LGA,3,405,170
1289,AA,1648,SNA,DFW,3,405,185
1290,AA,1776,DFW,PHL,3,405,185
1291,AA,1794,FAT,DFW,3,405,195
1292,AA,1823,ORD,PBI,3,405,175
1293,AA,386,STL,ORD,3,405,80
1294,AA,393,DFW,DEN,3,405,125
1295,AA,407,ORD,STL,3,405,65
1296,AA,452,MIA,BOS,3,405,180
1297,AS,322,SEA,SJC,3,405,128
1298,AS,323,SJC,SEA,3,405,129
1299,AS,366,SEA,SMF,3,405,106
1300,AS,47,ANC,ADQ,3,405,65
1301,AS,581,SNA,PDX,3,405,157
1302,CO,1131,EWR,DFW,3,405,250
1303,CO,1178,ORD,EWR,3,405,123
1304,CO,1535,EWR,PHX,3,405,340
1305,CO,1598,SNA,IAH,3,405,204
1306,CO,162,ONT,IAH,3,405,187
1307,CO,194,LAX,IAH,3,405,194
1308,CO,196,LAS,IAH,3,405,177
1309,CO,292,EWR,MCO,3,405,174
1310,CO,333,LGA,IAH,3,405,235
1311,CO,600,FLL,EWR,3,405,170
1312,CO,91,EWR,LAX,3,405,367
1313,DL,1183,ORF,ATL,3,405,135
1314,DL,1802,SNA,ATL,3,405,264
1315,DL,1979,BHM,ATL,3,405,69
1316,DL,2224,PBI,ATL,3,405,124
1317,DL,2305,MCI,MSP,3,405,90
1318,DL,2632,SNA,SLC,3,405,132
1319,DL,519,RAP,MSP,3,405,100
1320,EV,5581,GRK,ATL,3,405,134
1321,EV,7341,OKC,ATL,3,405,130
1322,F9,265,SNA,DEN,3,405,145
1323,F9,822,MCI,DEN,3,405,110
1324,F9,847,IND,DEN,3,405,169
1325,MQ,2735,DFW,LIT,3,405,70
1326,MQ,2751,SGF,DFW,3,405,95
1327,MQ,3026,MRY,LAX,3,405,70
1328,MQ,3859,IAH,ORD,3,405,155
1329,MQ,4093,MQT,GRB,3,405,50
1330,MQ,4203,ORD,CMH,3,405,75
1331,MQ,4343,ORD,DTW,3,405,85
1332,OH,6329,CRW,ATL,3,405,110
1333,OH,6437,RIC,CVG,3,405,117
1334,OH,6553,LEX,DCA,3,405,96
1335,OO,4465,GJT,SLC,3,405,59
1336,OO,4480,GFK,MSP,3,405,80
1337,OO,4487,IAH,SLC,3,405,199
1338,OO,4668,SLC,DEN,3,405,85
1339,OO,6816,SGF,DEN,3,405,131
1340,OO,6818,DTW,ORD,3,405,71
1341,OO,6925,LAX,SEA,3,405,164
1342,UA,8,SNA,SFO,3,405,101
1343,US,1848,MSP,PHL,3,405,160
1344,US,610,SNA,PHX,3,405,89
1345,WN,1175,SNA,OAK,3,405,105
1346,WN,1268,BOS,BWI,3,405,110
1347,WN,1310,BWI,PVD,3,405,70
1348,WN,153,LAS,DEN,3,405,115
1349,WN,162,IND,LAS,3,405,250
1350,WN,1766,PHX,SLC,3,405,100
1351,WN,2038,ELP,DAL,3,405,95
1352,WN,208,SNA,PHX,3,405,95
1353,WN,2356,DAL,ABQ,3,405,110
1354,WN,3403,HOU,ABQ,3,405,135
1355,WN,346,SLC,PHX,3,405,105
1356,WN,356,DEN,HOU,3,405,145
1357,WN,410,MDW,PHX,3,405,245
1358,WN,533,HOU,LAS,3,405,205
1359,WN,650,ABQ,MDW,3,405,165
1360,WN,798,LAS,SMF,3,405,90
1361,XE,2621,EWR,SDF,3,405,145
1362,XE,5899,CLE,ORD,3,405,87
1363,YV,2648,PHX,LAS,3,405,68
1364,YV,2703,SDF,CLT,3,405,86
1365,YV,2727,PSP,PHX,3,405,66
1366,YV,2821,LGB,PHX,3,405,87
1367,YV,2833,TUS,PHX,3,405,47
1368,US,511,SNA,PHX,3,406,88
1369,FL,996,BOS,MKE,3,408,162
1370,OO,6331,COS,SFO,3,408,184
1371,OO,6764,LNK,DEN,3,408,97
1372,OO,6843,CWA,ORD,3,408,68
1373,OO,6908,ABQ,SFO,3,408,167
1374,9E,3656,LSE,MSP,3,410,60
1375,9E,4020,GSP,CVG,3,410,92
1376,9E,4327,FNT,MSP,3,410,105
1377,9E,4389,DLH,MSP,3,410,60
1378,AA,1154,PSP,DFW,3,410,170
1379,AA,1184,PHX,ORD,3,410,200
1380,AA,1397,ORD,RSW,3,410,165
1381,AA,1888,DFW,JAX,3,410,125
1382,AA,2412,LAX,DFW,3,410,185
1383,AA,374,TUS,ORD,3,410,205
1384,AA,538,BUR,DFW,3,410,185
1385,AA,543,PBI,ORD,3,410,195
1386,AA,634,RSW,ORD,3,410,190
1387,CO,1019,TPA,EWR,3,410,155
1388,CO,1701,EWR,FLL,3,410,178
1389,CO,378,SAT,IAH,3,410,61
1390,CO,580,LAS,CLE,3,410,230
1391,DL,1865,DAY,ATL,3,410,110
1392,DL,1922,MKE,DTW,3,410,75
1393,DL,2166,MKE,ATL,3,410,134
1394,DL,2490,PDX,MSP,3,410,196
1395,DL,2921,IND,MSP,3,410,115
1396,EV,5070,DCA,STL,3,410,142
1397,EV,5431,MSN,ATL,3,410,137
1398,FL,796,STL,ATL,3,410,105
1399,MQ,3268,ACT,DFW,3,410,45
1400,MQ,3931,OMA,ORD,3,410,100
1401,MQ,4031,MHK,ORD,3,410,115
1402,MQ,4240,SPI,ORD,3,410,65
1403,MQ,4250,AVP,ORD,3,410,135
1404,OO,4474,MOT,MSP,3,410,82
1405,OO,4687,IDA,SLC,3,410,56
1406,OO,4716,LGB,SLC,3,410,110
1407,OO,4800,SLC,LAX,3,410,115
1408,OO,7780,SUN,SLC,3,410,64
1409,US,62,DEN,CLT,3,410,189
1410,US,632,BUR,PHX,3,410,87
1411,WN,1021,MDW,BNA,3,410,85
1412,WN,1087,CMH,BNA,3,410,80
1413,WN,1132,AUS,PHX,3,410,160
1414,WN,1140,TPA,HOU,3,410,145
1415,WN,1163,SFO,SNA,3,410,85
1416,WN,1218,ABQ,LAS,3,410,100
1417,WN,1246,PHX,STL,3,410,175
1418,WN,1253,JAX,TPA,3,410,55
1419,WN,1279,PHX,BWI,3,410,255
1420,WN,1316,HOU,MSY,3,410,65
1421,WN,1422,SAN,SFO,3,410,100
1422,WN,1546,DEN,SAN,3,410,150
1423,WN,2349,ALB,MDW,3,410,145
1424,WN,2449,JAN,HOU,3,410,85
1425,WN,2654,RDU,BWI,3,410,60
1426,WN,2810,LAS,BUR,3,410,65
1427,WN,3763,OAK,SLC,3,410,105
1428,WN,468,GEG,BOI,3,410,65
1429,WN,524,DAL,MCI,3,410,85
1430,WN,661,PHX,DEN,3,410,110
1431,WN,891,MHT,MCO,3,410,200
1432,XE,2309,ATL,IAH,3,410,129
1433,XE,3051,JAX,IAH,3,410,146
1434,XE,3130,DCA,EWR,3,410,63
1435,YV,7258,SYR,ORD,3,410,140
1436,DL,2053,OMA,ATL,3,412,153
1437,OO,6670,SBP,SFO,3,413,65
1438,UA,341,RIC,ORD,3,413,134
1439,OO,7003,SEA,LAX,3,414,156
1440,AA,1241,PIT,DFW,3,415,205
1441,AA,1258,LAX,STL,3,415,215
1442,AA,1273,MEM,DFW,3,415,100
1443,AA,1461,MCO,DFW,3,415,185
1444,AA,1533,ATL,DFW,3,415,150
1445,AA,501,BHM,DFW,3,415,130
1446,AA,505,JFK,SJU,3,415,245
1447,AS,236,PDX,SAN,3,415,145
1448,B6,117,JFK,MSY,3,415,204
1449,B6,133,JFK,RSW,3,415,192
1450,CO,40,LAX,EWR,3,415,317
1451,DL,1702,LAS,ATL,3,415,225
1452,DL,1879,LGA,FLL,3,415,193
1453,DL,1900,MCI,ATL,3,415,134
1454,DL,1965,LIT,MEM,3,415,60
1455,DL,2069,RIC,ATL,3,415,125
1456,DL,2449,BNA,SLC,3,415,259
1457,DL,2648,TLH,ATL,3,415,72
1458,DL,2685,LGA,MCO,3,415,170
1459,EV,5221,FLL,TLH,3,415,84
1460,EV,5228,AVL,ATL,3,415,69
1461,EV,5414,DCA,BOS,3,415,93
1462,EV,7099,ORD,CVG,3,415,68
1463,MQ,2786,GPT,DFW,3,415,110
1464,OH,6590,IAD,CVG,3,415,110
1465,OO,6427,ORD,BHM,3,415,103
1466,OO,6529,ELP,ORD,3,415,177
1467,UA,237,PIT,SFO,3,415,353
1468,UA,323,PHL,DEN,3,415,271
1469,UA,434,ORD,CMH,3,415,75
1470,UA,835,BOS,ORD,3,415,173
1471,US,195,PHL,PHX,3,415,317
1472,WN,1587,LBB,DAL,3,415,65
1473,WN,1590,ONT,LAS,3,415,60
1474,WN,1944,SAN,OAK,3,415,95
1475,WN,1980,TPA,JAX,3,415,50
1476,WN,3238,CLE,MDW,3,415,85
1477,WN,3773,SLC,LAS,3,415,85
1478,WN,407,FLL,JAX,3,415,70
1479,WN,653,OAK,LAX,3,415,75
1480,WN,694,SMF,SAN,3,415,85
1481,WN,729,PHX,LAS,3,415,65
1482,WN,805,MSY,DAL,3,415,85
1483,WN,951,BWI,MDW,3,415,130
1484,OO,6566,SLC,SFO,3,416,143
1485,UA,528,MSP,ORD,3,416,84
1486,OO,6935,SMF,ACV,3,417,64
1487,UA,602,ORD,DCA,3,418,111
1488,DL,2555,LGA,PBI,3,419,186
1489,DL,2683,DCA,MIA,3,419,159
1490,DL,2839,DCA,ATL,3,419,135
1491,FL,1612,DCA,MCO,3,419,148
1492,UA,998,MCO,ORD,3,419,178
1493,US,1631,DCA,CLT,3,419,95
1494,YV,2681,CVG,CLT,3,419,86
1495,9E,3697,LAN,DTW,3,420,60
1496,9E,3716,SBN,MSP,3,420,99
1497,9E,3721,MBS,DTW,3,420,59
1498,9E,3891,MDW,DTW,3,420,84
1499,9E,3982,EVV,DTW,3,420,95
1500,9E,4098,RDU,JFK,3,420,135
1501,9E,4301,IND,RDU,3,420,105
1502,9E,4314,DTW,ORF,3,420,114
1503,9E,4328,MSP,IND,3,420,103
1504,9E,4356,GTR,MEM,3,420,55
1505,AA,1088,BNA,LGA,3,420,125
1506,AA,1164,DFW,MSY,3,420,80
1507,AA,1310,DFW,IAD,3,420,160
1508,AA,1352,AUS,DFW,3,420,65
1509,AA,1363,RDU,MIA,3,420,130
1510,AA,1364,LAX,ORD,3,420,250
1511,AA,1590,DFW,EWR,3,420,195
1512,AA,1629,RIC,DFW,3,420,215
1513,AA,1841,SDF,DFW,3,420,150
1514,AA,2303,ORD,DFW,3,420,155
1515,AA,385,BWI,DFW,3,420,215
1516,AA,457,MCO,MIA,3,420,65
1517,AA,555,CMH,DFW,3,420,180
1518,AA,59,JFK,SFO,3,420,405
1519,AA,707,LGA,DFW,3,420,250
1520,AA,716,ORD,MCO,3,420,155
1521,AA,732,RNO,DFW,3,420,200
1522,AA,937,BOS,MIA,3,420,215
1523,AS,181,ANC,FAI,3,420,60
1524,AS,244,SEA,LAX,3,420,155
1525,AS,307,PSP,SFO,3,420,86
1526,AS,30,PDX,BOS,3,420,320
1527,AS,315,SFO,SEA,3,420,124
1528,AS,347,OAK,SEA,3,420,120
1529,AS,371,SMF,SEA,3,420,112
1530,AS,41,ANC,BET,3,420,77
1531,AS,515,SNA,SEA,3,420,173
1532,AS,527,BUR,SEA,3,420,160
1533,AS,603,LAS,SEA,3,420,160
1534,AS,641,PHX,SEA,3,420,188
1535,AS,65,SEA,KTN,3,420,131
1536,AS,660,SEA,DFW,3,420,230
1537,AS,665,DFW,SEA,3,420,267
1538,AS,699,GEG,SEA,3,420,67
1539,B6,1060,AUS,JFK,3,420,205
1540,B6,1203,BUF,RSW,3,420,186
1541,B6,1240,CLT,BOS,3,420,123
1542,B6,1275,BOS,MCO,3,420,194
1543,B6,1281,BOS,RIC,3,420,108
1544,B6,1297,BOS,PIT,3,420,109
1545,B6,204,SFO,LGB,3,420,82
1546,B6,231,SLC,LGB,3,420,117
1547,B6,262,LGB,SMF,3,420,83
1548,B6,418,PBI,BOS,3,420,172
1549,B6,521,EWR,MCO,3,420,170
1550,B6,620,HOU,JFK,3,420,199
1551,B6,661,SYR,MCO,3,420,178
1552,B6,703,JFK,SJU,3,420,227
1553,B6,741,MCO,SJU,3,420,157
1554,B6,920,ORD,BOS,3,420,131
1555,CO,1130,DFW,EWR,3,420,198
1556,CO,1559,DCA,IAH,3,420,209
1557,CO,1573,AUS,IAH,3,420,57
1558,CO,276,EWR,RSW,3,420,191
1559,CO,448,EWR,SFO,3,420,396
1560,CO,618,EWR,TPA,3,420,179
1561,DL,1004,TUL,ATL,3,420,122
1562,DL,1012,IAH,ATL,3,420,130
1563,DL,1103,JFK,SLC,3,420,342
1564,DL,1108,MSP,CLT,3,420,156
1565,DL,1163,EWR,DTW,3,420,128
1566,DL,1232,SLC,DTW,3,420,221
1567,DL,1235,EWR,SLC,3,420,327
1568,DL,1273,CMH,ATL,3,420,115
1569,DL,1402,TPA,MEM,3,420,122
1570,DL,1415,SAT,DTW,3,420,185
1571,DL,1477,ORD,ATL,3,420,125
1572,DL,1498,FLL,LGA,3,420,174
1573,DL,1547,LGA,ATL,3,420,164
1574,DL,1550,LAS,MSP,3,420,193
1575,DL,1769,ATL,MCO,3,420,82
1576,DL,1821,MIA,JFK,3,420,176
1577,DL,1996,MSP,LGA,3,420,175
1578,DL,2094,MLB,ATL,3,420,113
1579,DL,210,LAS,JFK,3,420,295
1580,DL,2120,ORD,DTW,3,420,90
1581,DL,2145,PVD,ATL,3,420,179
1582,DL,2147,MHT,ATL,3,420,184
1583,DL,2178,DTW,CLT,3,420,116
1584,DL,2236,DFW,MSP,3,420,142
1585,DL,2276,MCO,LGA,3,420,150
1586,DL,2298,SRQ,ATL,3,420,105
1587,DL,2452,MSY,LGA,3,420,175
1588,DL,2533,BOS,MCO,3,420,205
1589,DL,2599,MSP,PHX,3,420,212
1590,DL,2610,DFW,ATL,3,420,130
1591,DL,2630,MSP,BOS,3,420,166
1592,DL,2646,PHX,ATL,3,420,208
1593,DL,2663,JFK,LAX,3,420,394
1594,DL,2787,FAR,MSP,3,420,81
1595,DL,2923,MSP,MCO,3,420,198
1596,DL,2927,MSP,MCI,3,420,95
1597,DL,2937,MSN,DTW,3,420,84
1598,DL,2944,DTW,EWR,3,420,107
1599,DL,2952,TPA,LGA,3,420,159
1600,DL,339,LIT,ATL,3,420,95
1601,DL,749,JAC,SLC,3,420,57
1602,EV,5136,FAY,ATL,3,420,97
1603,EV,5267,CAK,ATL,3,420,129
1604,EV,5484,ECP,ATL,3,420,80
1605,EV,5580,STL,DCA,3,420,123
1606,EV,7307,BOS,DTW,3,420,150
1607,F9,128,DEN,DFW,3,420,110
1608,F9,401,DEN,LAX,3,420,145
1609,F9,766,LAS,DEN,3,420,110
1610,FL,1091,IND,MCO,3,420,144
1611,FL,1206,RIC,MCO,3,420,131
1612,FL,1218,MDW,SRQ,3,420,154
1613,FL,1222,PIT,FLL,3,420,171
1614,FL,1601,DFW,MCO,3,420,149
1615,FL,363,LGA,ATL,3,420,153
1616,FL,481,BWI,MCO,3,420,140
1617,FL,60,LAX,ATL,3,420,250
1618,FL,754,HSV,BWI,3,420,110
1619,FL,868,MSP,ATL,3,420,156
1620,MQ,2710,XNA,DFW,3,420,75
1621,MQ,2818,MGM,DFW,3,420,125
1622,MQ,2903,VPS,DFW,3,420,140
1623,MQ,3049,SAN,LAX,3,420,50
1624,MQ,3244,DFW,BTR,3,420,80
1625,MQ,3616,IND,MIA,3,420,170
1626,MQ,3624,PNS,MIA,3,420,100
1627,MQ,3629,MIA,BNA,3,420,145
1628,MQ,3678,MIA,TLH,3,420,85
1629,MQ,4093,GRB,ORD,3,420,65
1630,MQ,4100,TYS,ORD,3,420,110
1631,MQ,4132,ORD,MCI,3,420,90
1632,MQ,4280,HSV,ORD,3,420,130
1633,MQ,4534,LGA,XNA,3,420,220
1634,OH,6315,RDU,MCO,3,420,120
1635,OH,6327,CLT,CVG,3,420,101
1636,OH,6331,RDU,LGA,3,420,101
1637,OH,6382,AZO,DTW,3,420,60
1638,OH,6384,IAH,CVG,3,420,135
1639,OH,6396,STL,RDU,3,420,121
1640,OH,6578,CLE,DTW,3,420,59
1641,OH,6581,RDU,BOS,3,420,130
1642,OH,6628,DFW,CVG,3,420,131
1643,OH,6680,ATW,DTW,3,420,79
1644,OH,6718,MDT,CVG,3,420,105
1645,OO,4594,CID,MSP,3,420,63
1646,OO,4626,SFO,LAX,3,420,75
1647,OO,6329,SFO,ACV,3,420,86
1648,OO,6703,ATL,ORD,3,420,117
1649,OO,6738,ASE,DEN,3,420,55
1650,UA,144,SFO,DEN,3,420,165
1651,UA,373,LGA,ORD,3,420,157
1652,UA,415,MSY,DEN,3,420,186
1653,UA,440,SNA,DEN,3,420,155
1654,UA,536,ORD,LGA,3,420,132
1655,UA,603,DCA,ORD,3,420,127
1656,UA,819,EWR,ORD,3,420,162
1657,UA,934,HNL,LAX,3,420,343
1658,US,1059,SAT,CLT,3,420,160
1659,US,1123,MSP,CLT,3,420,158
1660,US,1274,MHT,PHL,3,420,93
1661,US,127,MKE,PHX,3,420,249
1662,US,1428,MCO,CLT,3,420,98
1663,US,1455,TPA,CLT,3,420,100
1664,US,1507,BWI,CLT,3,420,97
1665,US,1567,IAD,CLT,3,420,87
1666,US,1935,BUF,PHL,3,420,81
1667,US,2023,BOS,DCA,3,420,100
1668,US,2116,LGA,BOS,3,420,65
1669,US,2117,BOS,LGA,3,420,82
1670,US,2160,DCA,LGA,3,420,81
1671,US,2163,LGA,DCA,3,420,71
1672,US,231,BOI,PHX,3,420,126
1673,US,245,FLL,PHX,3,420,315
1674,US,433,LAS,PHL,3,420,280
1675,US,807,DCA,PHX,3,420,320
1676,US,943,ORF,CLT,3,420,85
1677,US,963,IND,CLT,3,420,102
1678,US,972,JAX,CLT,3,420,83
1679,US,986,FLL,DCA,3,420,145
1680,US,995,RIC,CLT,3,420,76
1681,WN,1006,BOI,DEN,3,420,110
1682,WN,1083,MDW,MSP,3,420,90
1683,WN,1231,ISP,TPA,3,420,185
1684,WN,1237,MDW,CLE,3,420,75
1685,WN,128,MDW,LAX,3,420,270
1686,WN,1414,HRL,SAT,3,420,55
1687,WN,1468,STL,BNA,3,420,65
1688,WN,1,DAL,HOU,3,420,60
1689,WN,2121,SMF,SEA,3,420,115
1690,WN,2297,TPA,BNA,3,420,115
1691,WN,2716,MDW,IAD,3,420,105
1692,WN,2725,PIT,TPA,3,420,155
1693,WN,2959,BDL,MCO,3,420,185
1694,WN,311,OKC,PHX,3,420,155
1695,WN,3338,SJC,SEA,3,420,130
1696,WN,3412,MDW,MCO,3,420,160
1697,WN,3496,LIT,PHX,3,420,195
1698,WN,441,SDF,PHX,3,420,255
1699,WN,458,OAK,ONT,3,420,70
1700,WN,465,SAN,MCI,3,420,190
1701,WN,474,AUS,BWI,3,420,180
1702,WN,4,HOU,DAL,3,420,60
1703,WN,500,OAK,SAN,3,420,85
1704,WN,542,MDW,PIT,3,420,80
1705,WN,598,MCI,DEN,3,420,120
1706,WN,605,DEN,SLC,3,420,95
1707,WN,794,TPA,BWI,3,420,130
1708,WN,825,BWI,MHT,3,420,75
1709,WN,827,MHT,PHL,3,420,95
1710,WN,845,PHL,MCO,3,420,165
1711,WN,892,BHM,BWI,3,420,110
1712,WN,894,DAL,MSY,3,420,80
1713,WN,917,LAX,RNO,3,420,80
1714,WN,979,MSY,HOU,3,420,75
1715,XE,2102,LCH,IAH,3,420,44
1716,XE,2137,LFT,IAH,3,420,64
1717,XE,2220,SHV,IAH,3,420,62
1718,XE,2360,EWR,DTW,3,420,119
1719,XE,2448,LIT,IAH,3,420,85
1720,XE,2526,EWR,GRR,3,420,134
1721,YV,2602,SAV,CLT,3,420,72
1722,YV,2978,SFO,LAS,3,420,85
1723,YV,7267,PWM,ORD,3,420,177
1724,FL,599,ROC,ATL,3,421,150
1725,OH,6373,JAN,DCA,3,421,134
1726,OO,6382,SFO,BOI,3,421,92
1727,UA,149,ORD,SFO,3,422,286
1728,DL,1429,JFK,LAS,3,423,357
1729,DL,2575,GSO,ATL,3,423,92
1730,HA,217,KOA,HNL,3,423,42
1731,UA,264,PHX,DEN,3,424,111
1732,UA,944,LAX,ORD,3,424,241
1733,9E,3854,MSP,CLE,3,425,115
1734,AA,1026,DFW,MCI,3,425,95
1735,AA,1041,BOS,ORD,3,425,190
1736,AA,1495,JAX,DFW,3,425,175
1737,AA,1912,PHX,DFW,3,425,140
1738,AA,1922,ABQ,DFW,3,425,105
1739,AA,24,SFO,JFK,3,425,325
1740,AA,518,MIA,JFK,3,425,165
1741,AA,621,MSP,DFW,3,425,165
1742,AA,728,LAS,DFW,3,425,160
1743,AA,879,TUL,DFW,3,425,70
1744,AA,941,LGA,MIA,3,425,195
1745,AS,36,SEA,MSP,3,425,199
1746,AS,582,PDX,SNA,3,425,144
1747,B6,1212,BUF,BOS,3,425,86
1748,B6,26,FLL,JFK,3,425,160
1749,CO,239,MIA,EWR,3,425,170
1750,DL,1124,LAX,SFO,3,425,82
1751,DL,1575,IND,ATL,3,425,115
1752,DL,1841,DTW,TPA,3,425,167
1753,DL,1851,MSP,LAS,3,425,213
1754,DL,2434,TPA,DCA,3,425,124
1755,DL,2665,DCA,MCO,3,425,151
1756,DL,2922,PHX,DTW,3,425,230
1757,EV,5302,SHV,ATL,3,425,113
1758,HA,332,HNL,ITO,3,425,50
1759,MQ,2980,CSG,DFW,3,425,150
1760,MQ,3638,MIA,CMH,3,425,160
1761,MQ,3640,CMH,MIA,3,425,170
1762,MQ,3893,ORD,PHL,3,425,120
1763,MQ,4042,SGF,ORD,3,425,105
1764,MQ,4066,ORD,DSM,3,425,80
1765,MQ,4186,LSE,ORD,3,425,70
1766,MQ,4312,FWA,ORD,3,425,60
1767,OH,6516,MSP,JFK,3,425,165
1768,OO,4471,MSP,IAH,3,425,171
1769,OO,6504,ORD,SBN,3,425,41
1770,UA,101,ORD,LAX,3,425,276
1771,UA,594,CMH,ORD,3,425,84
1772,UA,6,SFO,JFK,3,425,335
1773,US,1157,DTW,PHL,3,425,99
1774,US,1807,PIT,PHL,3,425,81
1775,US,1831,DFW,CLT,3,425,145
1776,US,1942,ILM,CLT,3,425,64
1777,US,484,DEN,PHL,3,425,210
1778,WN,1076,HOU,LAX,3,425,225
1779,WN,1149,SMF,BUR,3,425,70
1780,WN,1286,MCI,LAS,3,425,195
1781,WN,1330,PDX,SMF,3,425,85
1782,WN,1424,SFO,SAN,3,425,85
1783,WN,1500,BOS,PHL,3,425,100
1784,WN,1812,MCI,MDW,3,425,90
1785,WN,1852,PHL,BOS,3,425,85
1786,WN,1992,DAL,SAT,3,425,65
1787,WN,2198,OKC,STL,3,425,80
1788,WN,2397,MCO,MDW,3,425,175
1789,WN,3309,BUR,SMF,3,425,75
1790,WN,3418,PHL,PIT,3,425,75
1791,WN,3504,PBI,TPA,3,425,50
1792,WN,388,ELP,PHX,3,425,80
1793,WN,417,BWI,STL,3,425,145
1794,WN,599,PHX,SMF,3,425,130
1795,WN,759,SJC,ONT,3,425,70
1796,WN,922,SMF,SNA,3,425,90
1797,WN,943,STL,MCI,3,425,70
1798,YV,2607,MDT,CLT,3,425,102
1799,YV,2944,AUS,CLT,3,425,157
1800,OO,6879,SFO,SBA,3,426,81
1801,XE,5906,ORD,ROA,3,426,95
1802,F9,472,MKE,RSW,3,427,181
1803,UA,386,SEA,DEN,3,427,168
1804,UA,527,ORD,BWI,3,427,113
1805,OO,6394,FCA,DEN,3,428,130
1806,OO,6656,JAC,DEN,3,429,87
1807,YV,7268,CHS,ORD,3,429,143
1808,9E,3936,GRB,DTW,3,430,80
1809,9E,4185,PIT,MEM,3,430,143
1810,AA,1061,JFK,MIA,3,430,210
1811,AA,1109,DFW,AUS,3,430,60
1812,AA,1599,DAY,DFW,3,430,175
1813,AA,1907,DCA,MIA,3,430,165
1814,AA,1985,PHL,SJU,3,430,230
1815,AA,202,LAX,MIA,3,430,285
1816,AA,2385,DFW,IAH,3,430,75
1817,AA,323,BNA,DFW,3,430,135
1818,AA,430,DFW,STL,3,430,90
1819,AA,581,DCA,STL,3,430,140
1820,AS,530,SEA,ONT,3,430,147
1821,B6,290,LGB,SEA,3,430,163
1822,B6,350,BUR,JFK,3,430,314
1823,CO,1014,DFW,IAH,3,430,66
1824,DL,1060,MCO,LAX,3,430,340
1825,DL,1134,MSP,GRR,3,430,85
1826,DL,1205,MSP,SLC,3,430,185
1827,DL,1962,DTW,PHL,3,430,110
1828,DL,2071,SEA,SLC,3,430,131
1829,DL,2366,JAX,LGA,3,430,143
1830,DL,2651,PHL,SLC,3,430,318
1831,DL,301,CLT,ATL,3,430,91
1832,DL,303,MCO,SLC,3,430,304
1833,EV,5383,SWF,ATL,3,430,160
1834,EV,5403,GRR,MEM,3,430,122
1835,EV,7354,AEX,ATL,3,430,114
1836,FL,1244,FNT,MCO,3,430,172
1837,FL,227,LAS,MKE,3,430,208
1838,FL,533,MEM,ATL,3,430,76
1839,FL,950,FLL,BWI,3,430,145
1840,MQ,2970,AEX,DFW,3,430,80
1841,MQ,3298,DFW,HOU,3,430,65
1842,MQ,3396,MAF,DFW,3,430,75
1843,MQ,3604,CVG,MIA,3,430,170
1844,MQ,3658,GSO,MIA,3,430,135
1845,MQ,3825,SLC,ORD,3,430,200
1846,MQ,3876,XNA,ORD,3,430,105
1847,MQ,3928,SYR,ORD,3,430,145
1848,MQ,3955,ORD,CID,3,430,60
1849,MQ,4331,ORD,BNA,3,430,90
1850,MQ,4372,BDL,ORD,3,430,170
1851,MQ,4512,XNA,LGA,3,430,175
1852,OH,6258,LGA,RDU,3,430,115
1853,OH,6451,CVG,MSP,3,430,133
1854,OH,6625,RDU,IND,3,430,119
1855,OH,6752,GEG,MSP,3,430,180
1856,OO,4672,BUR,SLC,3,430,114
1857,OO,6276,BUR,SFO,3,430,80
1858,UA,5,JFK,SFO,3,430,404
1859,UA,739,MCO,DEN,3,430,256
1860,US,1212,PBI,DCA,3,430,136
1861,US,1288,RDU,PHL,3,430,82
1862,US,1696,IAH,CLT,3,430,144
1863,US,308,ATL,CLT,3,430,75
1864,US,4,ORD,PHX,3,430,244
1865,US,679,STL,PHX,3,430,227
1866,US,957,PIT,CLT,3,430,96
1867,WN,1015,SAT,BWI,3,430,190
1868,WN,1259,BWI,BNA,3,430,120
1869,WN,1334,RDU,MDW,3,430,125
1870,WN,156,MSP,MDW,3,430,100
1871,WN,1831,BWI,LAS,3,430,330
1872,WN,198,ABQ,HOU,3,430,120
1873,WN,2553,SAN,RNO,3,430,90
1874,WN,274,ISP,MCO,3,430,170
1875,WN,2984,PHX,LAX,3,430,85
1876,WN,3506,PHX,OAK,3,430,125
1877,WN,3667,JAX,ORF,3,430,90
1878,WN,595,BUR,SJC,3,430,65
1879,WN,618,PVD,BWI,3,430,90
1880,XE,2009,BTR,IAH,3,430,70
1881,XE,2398,TUL,EWR,3,430,170
1882,XE,2525,IAH,GPT,3,430,73
1883,B6,1290,PIT,BOS,3,431,94
1884,DL,2379,SDF,ATL,3,431,89
1885,OO,6640,BFL,SFO,3,431,79
1886,UA,147,SAN,SFO,3,431,101
1887,OO,6873,PSP,DEN,3,432,131
1888,HA,201,ITO,HNL,3,433,49
1889,OO,6546,PDX,MFR,3,433,61
1890,OO,7770,SLC,SGU,3,433,81
1891,UA,445,BWI,DEN,3,433,253
1892,DL,1179,STL,ATL,3,434,99
1893,FL,494,CLT,BWI,3,434,86
1894,OO,6530,COD,DEN,3,434,82
1895,YV,2608,CHS,CLT,3,434,66
1896,YV,7291,IAD,LGA,3,434,75
1897,9E,3720,TYS,DTW,3,435,108
1898,9E,3805,CLE,MEM,3,435,144
1899,9E,3894,TUL,MSP,3,435,125
1900,9E,4045,HPN,ATL,3,435,158
1901,AA,1123,DFW,PHX,3,435,165
1902,AA,118,LAX,JFK,3,435,325
1903,AA,1322,DFW,DTW,3,435,160
1904,AA,1341,ORD,SFO,3,435,285
1905,AA,25,BOS,LAX,3,435,390
1906,AA,268,SEA,JFK,3,435,315
1907,AA,303,LGA,ORD,3,435,165
1908,AA,394,ORD,LGA,3,435,120
1909,AA,444,SAT,ORD,3,435,165
1910,AA,513,TPA,SJU,3,435,165
1911,AA,704,DFW,LGA,3,435,194
1912,AA,812,SEA,DFW,3,435,235
1913,B6,127,ROC,JFK,3,435,78
1914,B6,191,JFK,LAS,3,435,349
1915,B6,495,BOS,DEN,3,435,280
1916,B6,572,PBI,HPN,3,435,158
1917,CO,1157,EWR,ORD,3,435,163
1918,DL,1093,ATL,IAD,3,435,100
1919,DL,1165,RDU,ATL,3,435,97
1920,DL,1480,SFO,ATL,3,435,269
1921,DL,1501,BOS,ATL,3,435,190
1922,DL,1657,CVG,ATL,3,435,105
1923,DL,1672,TPA,ATL,3,435,102
1924,DL,1709,MSP,DEN,3,435,135
1925,DL,1725,BWI,ATL,3,435,131
1926,DL,2043,EWR,ATL,3,435,161
1927,DL,2065,BDL,ATL,3,435,175
1928,DL,2188,MSP,PHL,3,435,156
1929,DL,2788,MSP,MKE,3,435,71
1930,DL,2831,LGA,DTW,3,435,125
1931,DL,2914,SEA,MSP,3,435,195
1932,DL,2965,JFK,SFO,3,435,385
1933,EV,5073,LEX,ATL,3,435,91
1934,EV,5160,BTR,ATL,3,435,102
1935,EV,5339,TRI,ATL,3,435,77
1936,FL,1461,MDW,MCO,3,435,159
1937,FL,660,HPN,ATL,3,435,145
1938,MQ,2946,LCH,DFW,3,435,80
1939,MQ,3633,MIA,CLT,3,435,120
1940,MQ,3672,SDF,MIA,3,435,155
1941,MQ,4154,CMH,ORD,3,435,85
1942,MQ,4396,RDU,DCA,3,435,65
1943,OH,6493,GSO,DTW,3,435,125
1944,OH,6611,RDU,MEM,3,435,139
1945,OH,6762,OKC,MSP,3,435,129
1946,OO,4597,DEN,SLC,3,435,97
1947,OO,6734,MSO,DEN,3,435,123
1948,OO,7016,ORD,HPN,3,435,121
1949,UA,328,LAX,DEN,3,435,152
1950,US,1023,BDL,PHL,3,435,86
1951,US,1612,PHL,BOS,3,435,78
1952,US,1678,TPA,DCA,3,435,125
1953,US,1937,BOS,PHL,3,435,101
1954,US,1989,RDU,CLT,3,435,65
1955,US,27,MCO,PHX,3,435,298
1956,US,621,TPA,PHX,3,435,288
1957,US,969,MCI,CLT,3,435,133
1958,WN,1178,DAL,STL,3,435,95
1959,WN,1285,SFO,MDW,3,435,250
1960,WN,1441,LAX,OAK,3,435,75
1961,WN,1510,SDF,BWI,3,435,85
1962,WN,1577,HOU,PHX,3,435,180
1963,WN,2547,ORF,MCO,3,435,125
1964,WN,2655,TUS,LAS,3,435,80
1965,WN,277,LAX,MCI,3,435,190
1966,WN,289,PHX,SFO,3,435,130
1967,WN,384,TUL,STL,3,435,70
1968,WN,507,TPA,LAS,3,435,310
1969,WN,526,BWI,BOS,3,435,80
1970,WN,646,OAK,MDW,3,435,250
1971,WN,706,DTW,BWI,3,435,95
1972,WN,807,ONT,OAK,3,435,75
1973,WN,888,BUR,OAK,3,435,75
1974,WN,961,OMA,PHX,3,435,180
1975,XE,2240,IAH,RDU,3,435,148
1976,XE,5927,ICT,ORD,3,435,110
1977,YV,1048,LIH,HNL,3,435,29
1978,DL,2003,OMA,MSP,3,436,74
1979,CO,1455,PBI,EWR,3,437,163
1980,OO,3077,IND,MKE,3,437,63
1981,OO,6900,ORD,OMA,3,437,90
1982,XE,2761,RIC,EWR,3,437,69
1983,OO,7049,PDX,OTH,3,438,58
1984,HA,110,LIH,HNL,3,439,30
1985,OO,6320,SAN,LAX,3,439,46
1986,OO,6667,MFR,SFO,3,439,105
1987,OO,6899,ORD,MKE,3,439,42
1988,9E,3738,DTW,GSP,3,440,106
1989,AA,1264,DEN,DFW,3,440,125
1990,AA,1335,DCA,DFW,3,440,215
1991,AA,1355,BOS,DFW,3,440,270
1992,AA,1360,DFW,DCA,3,440,160
1993,AA,2099,ORD,LAX,3,440,265
1994,AA,2416,LAX,DFW,3,440,180
1995,AA,334,DFW,BNA,3,440,100
1996,AA,460,IAH,DFW,3,440,75
1997,AA,568,ORD,FLL,3,440,170
1998,AA,600,SFO,DFW,3,440,210
1999,AA,993,TPA,MIA,3,440,65
2000,AS,60,JNU,KTN,3,440,65
2001,B6,1438,LGB,SFO,3,440,81
2002,B6,325,BDL,FLL,3,440,197
2003,B6,450,FLL,BOS,3,440,179
2004,CO,1097,IAH,LAS,3,440,204
2005,CO,199,IAH,DEN,3,440,157
2006,DL,1121,BWI,SLC,3,440,300
2007,DL,1935,DTW,BNA,3,440,115
2008,DL,2014,LAX,CVG,3,440,247
2009,DL,2711,ATL,DFW,3,440,150
2010,FL,887,BWI,MKE,3,440,125
2011,MQ,2754,LFT,DFW,3,440,90
2012,MQ,2838,SAV,DFW,3,440,180
2013,MQ,2920,CMI,DFW,3,440,145
2014,OH,6332,CLE,CVG,3,440,76
2015,OH,6469,HSV,ATL,3,440,67
2016,OO,4477,FCA,SLC,3,440,99
2017,OO,6255,SFO,BUR,3,440,69
2018,OO,6964,PDX,SEA,3,440,50
2019,UA,239,MSY,LAX,3,440,265
2020,US,1452,MYR,CLT,3,440,56
2021,US,1465,PVD,PHL,3,440,82
2022,US,274,SLC,PHX,3,440,102
2023,US,414,SFO,CLT,3,440,285
2024,US,457,PIT,PHX,3,440,294
2025,WN,1002,DAL,AUS,3,440,55
2026,WN,1134,LGA,BWI,3,440,70
2027,WN,16,BNA,HOU,3,440,130
2028,WN,1769,RDU,BNA,3,440,95
2029,WN,1914,ALB,FLL,3,440,200
2030,WN,1919,BWI,TPA,3,440,150
2031,WN,245,BWI,PHX,3,440,320
2032,WN,2807,OMA,DEN,3,440,100
2033,WN,2958,AMA,DAL,3,440,65
2034,WN,3512,SLC,DEN,3,440,90
2035,WN,3658,BWI,RDU,3,440,65
2036,WN,3766,PHL,PVD,3,440,70
2037,WN,477,BUF,MDW,3,440,115
2038,WN,645,TUS,ABQ,3,440,60
2039,WN,731,LAX,DEN,3,440,140
2040,WN,778,MDW,OMA,3,440,90
2041,WN,815,MCI,STL,3,440,65
2042,WN,817,PHX,BUR,3,440,85
2043,WN,883,ISP,PBI,3,440,180
2044,WN,904,SNA,SMF,3,440,90
2045,XE,3122,MSY,IAH,3,440,72
2046,B6,1005,BOS,JFK,3,441,75
2047,OO,6515,SFO,LMT,3,441,87
2048,DL,2731,DTW,STL,3,442,118
2049,OO,6400,EUG,SFO,3,442,97
2050,OO,6598,SFO,SMF,3,442,43
2051,UA,272,SFO,LAX,3,442,92
2052,YV,2904,LIT,CLT,3,442,117
2053,9E,4143,DTW,RIC,3,443,112
2054,XE,2130,OMA,EWR,3,443,167
2055,XE,2142,OKC,EWR,3,443,187
2056,EV,5567,CAE,ATL,3,444,76
2057,EV,7126,ORD,BUF,3,444,86
2058,UA,58,ROC,ORD,3,444,121
2059,9E,3850,DTW,PIT,3,445,68
2060,9E,3929,AZO,MSP,3,445,106
2061,AA,1038,DFW,MSP,3,445,140
2062,AA,222,LAX,BOS,3,445,320
2063,AA,2324,DFW,ORD,3,445,140
2064,AA,475,EWR,ORD,3,445,175
2065,AS,220,SEA,SFO,3,445,126
2066,CO,1746,IAH,ORD,3,445,150
2067,CO,470,EWR,SJU,3,445,228
2068,CO,626,IAH,BWI,3,445,173
2069,CO,776,IAH,PHL,3,445,187
2070,DL,104,ATL,DTW,3,445,118
2071,DL,1105,ATL,SLC,3,445,253
2072,DL,1145,ATL,MSY,3,445,100
2073,DL,1169,FLL,LAX,3,445,350
2074,DL,1211,DTW,MSP,3,445,125
2075,DL,1416,ATL,ORF,3,445,98
2076,DL,1444,DTW,DCA,3,445,103
2077,DL,1464,MSP,DCA,3,445,147
2078,DL,1617,CHS,ATL,3,445,80
2079,DL,1694,ATL,PHL,3,445,120
2080,DL,1803,DTW,MEM,3,445,138
2081,DL,1848,DTW,LGA,3,445,121
2082,DL,1984,ATL,PIT,3,445,97
2083,DL,2012,ATL,ORD,3,445,127
2084,DL,2036,DTW,BWI,3,445,97
2085,DL,2458,PBI,LGA,3,445,169
2086,DL,2838,ATL,DCA,3,445,94
2087,DL,2968,SEA,ATL,3,445,285
2088,DL,371,ATL,IAH,3,445,140
2089,EV,4975,ATL,CVG,3,445,85
2090,EV,5069,AGS,ATL,3,445,77
2091,EV,5202,ATL,CLE,3,445,104
2092,EV,5348,JAN,ATL,3,445,89
2093,MQ,2717,ROW,DFW,3,445,85
2094,MQ,3004,DEN,LAX,3,445,160
2095,MQ,3607,MIA,ATL,3,445,120
2096,MQ,3620,ORF,MIA,3,445,155
2097,MQ,3654,RIC,MIA,3,445,160
2098,OO,4651,MSP,OMA,3,445,74
2099,OO,4746,MSP,MSN,3,445,59
2100,OO,6550,TUS,DEN,3,445,116
2101,OO,6724,BZN,DEN,3,445,107
2102,UA,250,PDX,IAD,3,445,298
2103,UA,833,BOI,DEN,3,445,110
2104,US,1926,MCO,DCA,3,445,122
2105,US,867,SYR,PHL,3,445,84
2106,WN,1061,MAF,ABQ,3,445,70
2107,WN,1663,TPA,PHL,3,445,150
2108,WN,1681,PIT,MDW,3,445,110
2109,WN,2015,SAN,MDW,3,445,240
2110,WN,3250,SEA,BOI,3,445,80
2111,WN,3481,BDL,TPA,3,445,195
2112,WN,391,IND,MCI,3,445,100
2113,WN,460,PDX,MDW,3,445,240
2114,WN,705,PHX,ABQ,3,445,65
2115,WN,729,LAS,RNO,3,445,75
2116,WN,782,LAX,MDW,3,445,240
2117,WN,897,PHX,SNA,3,445,80
2118,WN,903,OAK,HOU,3,445,225
2119,WN,919,MCO,BWI,3,445,125
2120,WN,950,SMF,PHX,3,445,105
2121,WN,964,SEA,MDW,3,445,240
2122,XE,2026,IAH,STL,3,445,121
2123,XE,2246,IAH,ATL,3,445,118
2124,XE,2333,IAH,DTW,3,445,177
2125,XE,2606,IAH,MEM,3,445,91
2126,XE,3006,IAH,IAD,3,445,173
2127,XE,3083,IAH,MKE,3,445,153
2128,XE,3140,SAT,IAH,3,445,59
2129,DL,2864,MCO,MEM,3,446,129
2130,OO,6312,PSP,LAX,3,446,52
2131,UA,345,PHL,ORD,3,446,142
2132,OO,6604,SLC,DEN,3,447,98
2133,UA,333,PIT,ORD,3,447,102
2134,EV,5120,ATL,TYS,3,448,59
2135,UA,300,RNO,DEN,3,448,140
2136,CO,733,LGA,IAH,3,449,240
2137,FL,1134,ROC,TPA,3,449,184
2138,OO,6315,SFO,BFL,3,449,74
2139,UA,388,TPA,DEN,3,449,247
2140,XE,2363,EWR,XNA,3,449,209
2141,9E,3718,DTW,IND,3,450,84
2142,9E,3776,ROC,ATL,3,450,151
2143,9E,4391,DTW,RDU,3,450,105
2144,AA,1093,EWR,DFW,3,450,250
2145,AA,1418,SAN,DFW,3,450,175
2146,AA,1482,SJU,MIA,3,450,160
2147,AA,1740,SNA,DFW,3,450,175
2148,AA,2265,PHL,ORD,3,450,160
2149,AA,2413,OKC,DFW,3,450,65
2150,AA,2455,ORD,PHX,3,450,240
2151,AA,517,DFW,SJC,3,450,230
2152,AA,549,FLL,ORD,3,450,195
2153,AA,828,SJC,ORD,3,450,255
2154,AA,884,STL,DCA,3,450,115
2155,AS,11,EWR,SEA,3,450,375
2156,AS,120,ANC,SEA,3,450,211
2157,AS,632,SEA,PHX,3,450,170
2158,B6,1421,PDX,LGB,3,450,135
2159,B6,1600,BOS,DCA,3,450,102
2160,B6,670,LAX,JFK,3,450,309
2161,CO,128,IAH,MSY,3,450,68
2162,CO,1580,SEA,EWR,3,450,305
2163,CO,1590,IAH,MIA,3,450,143
2164,CO,349,SFO,EWR,3,450,321
2165,CO,768,EWR,LAS,3,450,342
2166,CO,87,CLE,EWR,3,450,84
2167,CO,9,BOS,EWR,3,450,77
2168,DL,1099,BDL,MCO,3,450,186
2169,DL,110,ATL,LAX,3,450,302
2170,DL,1143,ATL,STL,3,450,100
2171,DL,1176,ATL,CLT,3,450,75
2172,DL,1187,DTW,ATL,3,450,142
2173,DL,1303,DTW,FLL,3,450,192
2174,DL,1372,LGA,BOS,3,450,66
2175,DL,1375,BOS,LGA,3,450,76
2176,DL,1545,DCA,DTW,3,450,100
2177,DL,1618,MCO,ATL,3,450,110
2178,DL,1663,IAD,SLC,3,450,299
2179,DL,1800,JAX,ATL,3,450,90
2180,DL,183,JFK,SEA,3,450,380
2181,DL,1967,DTW,ORD,3,450,80
2182,DL,1989,PHL,DTW,3,450,125
2183,DL,2127,ATL,FLL,3,450,110
2184,DL,2190,PNS,ATL,3,450,79
2185,DL,2266,PHX,SLC,3,450,104
2186,DL,2291,ATL,TPA,3,450,87
2187,DL,2337,BWI,DTW,3,450,102
2188,DL,2420,MSY,ATL,3,450,98
2189,DL,2573,ATL,MIA,3,450,115
2190,DL,2748,ATL,BDL,3,450,142
2191,DL,2756,ATL,JFK,3,450,135
2192,DL,2891,PDX,SLC,3,450,113
2193,DL,340,ATL,MSP,3,450,171
2194,EV,4969,MGM,ATL,3,450,65
2195,EV,5008,CVG,EWR,3,450,118
2196,EV,5165,ATL,BNA,3,450,69
2197,EV,5189,TYS,ATL,3,450,77
2198,EV,5256,TRI,DTW,3,450,115
2199,EV,5258,DFW,DTW,3,450,157
2200,EV,5261,BNA,MEM,3,450,70
2201,F9,728,DEN,DCA,3,450,196
2202,FL,178,RSW,ATL,3,450,108
2203,FL,473,BWI,ATL,3,450,130
2204,FL,890,LAX,MKE,3,450,240
2205,MQ,2711,DFW,CAE,3,450,130
2206,MQ,3605,MIA,CVG,3,450,160
2207,MQ,3776,MSY,ORD,3,450,145
2208,MQ,4105,CLT,ORD,3,450,140
2209,MQ,4110,MDT,ORD,3,450,145
2210,OH,6302,CVG,BOS,3,450,130
2211,OH,6361,DTW,CVG,3,450,75
2212,OH,6378,CVG,LGA,3,450,124
2213,OH,6461,BOS,JFK,3,450,87
2214,OH,6629,DTW,IAD,3,450,98
2215,OH,6755,BOS,RDU,3,450,140
2216,OO,4449,ICT,MSP,3,450,115
2217,OO,4771,ORD,SLC,3,450,205
2218,OO,4847,RST,MSP,3,450,52
2219,OO,6482,GTF,DEN,3,450,112
2220,UA,395,SEA,SFO,3,450,136
2221,UA,459,LGA,ORD,3,450,157
2222,UA,656,PHX,ORD,3,450,202
2223,US,1252,JAX,DCA,3,450,103
2224,US,1510,CLT,PHL,3,450,97
2225,US,1516,BWI,PHL,3,450,52
2226,US,1707,STL,CLT,3,450,109
2227,US,1732,CLT,DCA,3,450,73
2228,US,2022,DCA,BOS,3,450,84
2229,US,204,LAX,LAS,3,450,63
2230,US,2145,BOS,LGA,3,450,74
2231,US,541,DFW,LAS,3,450,178
2232,US,817,ORD,PHL,3,450,120
2233,US,84,PHL,SEA,3,450,362
2234,WN,1030,SJC,LAS,3,450,85
2235,WN,1075,ELP,ABQ,3,450,55
2236,WN,1217,OAK,LAX,3,450,75
2237,WN,1311,CMH,TPA,3,450,135
2238,WN,1461,LAS,SFO,3,450,95
2239,WN,1655,BNA,MDW,3,450,90
2240,WN,1669,LBB,ABQ,3,450,65
2241,WN,2441,BWI,MCO,3,450,145
2242,WN,2819,TPA,FLL,3,450,60
2243,WN,2970,IND,MDW,3,450,60
2244,WN,3232,JAX,FLL,3,450,70
2245,WN,3664,HOU,BWI,3,450,170
2246,WN,3743,BOS,STL,3,450,195
2247,WN,375,PHX,SAN,3,450,70
2248,WN,3915,HOU,BNA,3,450,105
2249,WN,3930,LAX,ABQ,3,450,105
2250,WN,396,OAK,BUR,3,450,65
2251,WN,3,DAL,HOU,3,450,60
2252,WN,640,SAT,DAL,3,450,60
2253,WN,641,SFO,LAS,3,450,85
2254,WN,669,SLC,LAX,3,450,125
2255,WN,673,SAT,HRL,3,450,55
2256,WN,6,HOU,DAL,3,450,55
2257,WN,780,LAS,STL,3,450,190
2258,WN,809,PHL,RDU,3,450,90
2259,WN,824,MCO,FLL,3,450,55
2260,WN,869,DAL,AMA,3,450,70
2261,WN,872,MDW,LAS,3,450,255
2262,WN,965,DEN,MCO,3,450,210
2263,XE,2536,CLE,ATL,3,450,117
2264,XE,2538,AUS,IAH,3,450,56
2265,XE,2573,IAH,BNA,3,450,111
2266,XE,2674,IAH,TUL,3,450,88
2267,XE,2723,IAH,OKC,3,450,85
2268,XE,2756,CLE,PVD,3,450,94
2269,YV,2648,LAS,LAX,3,450,67
2270,YV,2667,FAY,CLT,3,450,63
2271,YV,2730,MEM,PHX,3,450,223
2272,B6,1304,IAD,JFK,3,451,73
2273,HA,118,HNL,KOA,3,451,42
2274,OO,6317,LAX,SBA,3,451,40
2275,UA,422,BIL,DEN,3,451,94
2276,US,1505,CLT,PHX,3,451,288
2277,DL,1334,ATL,RIC,3,452,94
2278,OO,6321,LAX,SAN,3,452,46
2279,DL,1878,SAV,ATL,3,453,80
2280,OO,6228,ELP,DEN,3,453,116
2281,OO,6870,HLN,DEN,3,453,113
2282,OO,7006,PDX,LAX,3,453,138
2283,YV,2634,CLT,ORF,3,453,65
2284,HA,156,HNL,OGG,3,454,37
2285,9E,3959,DTW,MDW,3,455,87
2286,9E,4039,GSP,ATL,3,455,85
2287,AA,1263,MIA,IAH,3,455,175
2288,AA,1660,DFW,IND,3,455,120
2289,AA,1686,ORD,RDU,3,455,110
2290,AA,1929,SFO,LAX,3,455,90
2291,AA,359,DFW,SNA,3,455,195
2292,AA,643,MIA,ORD,3,455,200
2293,AA,663,JFK,FLL,3,455,200
2294,AS,73,JNU,ANC,3,455,107
2295,AS,877,PDX,HNL,3,455,360
2296,B6,44,JFK,SYR,3,455,69
2297,CO,258,IAH,DCA,3,455,175
2298,DL,1079,ATL,CMH,3,455,95
2299,DL,1474,MCO,MSP,3,455,215
2300,DL,1600,ATL,BOS,3,455,153
2301,DL,1858,ATL,RDU,3,455,85
2302,DL,2099,ATL,MCI,3,455,142
2303,DL,2122,DTW,BOS,3,455,127
2304,DL,2426,FLL,ATL,3,455,124
2305,DL,55,ATL,BWI,3,455,105
2306,DL,680,ATL,EWR,3,455,132
2307,EV,5129,BOS,DCA,3,455,108
2308,EV,5293,BQK,ATL,3,455,80
2309,FL,184,ATL,DCA,3,455,101
2310,FL,224,MKE,LAS,3,455,250
2311,FL,360,ATL,LGA,3,455,127
2312,FL,486,MCO,BWI,3,455,128
2313,FL,672,MCO,MKE,3,455,176
2314,FL,72,FLL,ATL,3,455,113
2315,MQ,2825,DFW,TUL,3,455,60
2316,MQ,3065,LAX,SAN,3,455,45
2317,MQ,3272,PIA,DFW,3,455,135
2318,MQ,4236,MEM,ORD,3,455,120
2319,OH,6401,CVG,MEM,3,455,103
2320,OO,6472,LAX,ABQ,3,455,109
2321,OO,6480,YUM,LAX,3,455,80
2322,OO,6512,LAX,COS,3,455,126
2323,OO,6723,AUS,SFO,3,455,238
2324,UA,344,PDX,SFO,3,455,118
2325,US,1451,CLT,SFO,3,455,342
2326,US,1914,CLT,ORD,3,455,120
2327,US,797,PHL,LAX,3,455,365
2328,US,881,ORD,CLT,3,455,114
2329,US,939,MSP,PHX,3,455,223
2330,WN,1027,MKE,MCI,3,455,95
2331,WN,1136,LAX,SFO,3,455,80
2332,WN,1352,SLC,OAK,3,455,130
2333,WN,1382,RNO,LAS,3,455,80
2334,WN,1425,SMF,LAS,3,455,80
2335,WN,1497,HOU,MSY,3,455,60
2336,WN,1525,BDL,BNA,3,455,160
2337,WN,1599,SMF,LAX,3,455,80
2338,WN,1601,TPA,PVD,3,455,165
2339,WN,1636,DAL,OKC,3,455,50
2340,WN,1855,PIT,PHL,3,455,80
2341,WN,2092,BWI,MCI,3,455,180
2342,WN,223,MDW,TPA,3,455,165
2343,WN,23,PHX,ELP,3,455,65
2344,WN,2459,DEN,LAS,3,455,120
2345,WN,2529,DEN,LAX,3,455,160
2346,WN,256,BUR,PHX,3,455,85
2347,WN,2790,HOU,TUL,3,455,80
2348,WN,2980,OAK,PHX,3,455,110
2349,WN,3415,OAK,SAN,3,455,85
2350,WN,572,SNA,SFO,3,455,85
2351,WN,588,MDW,PIT,3,455,75
2352,WN,786,BUF,TPA,3,455,175
2353,WN,983,PHL,TPA,3,455,180
2354,XE,2035,IAH,PIT,3,455,158
2355,XE,2529,EWR,BTV,3,455,87
2356,XE,2730,IAH,PHX,3,455,175
2357,XE,5988,ORD,CLE,3,455,71
2358,YV,2617,MEM,CLT,3,455,102
2359,YV,2654,CLT,IAD,3,455,79
2360,FL,708,DAY,ATL,3,456,108
2361,HA,123,HNL,LIH,3,456,36
2362,UA,322,SNA,SFO,3,456,103
2363,UA,339,BOS,DEN,3,456,283
2364,YV,2616,CLT,RIC,3,456,63
2365,UA,164,ORD,MCO,3,457,162
2366,UA,608,MCI,ORD,3,457,91
2367,US,1267,PHL,DFW,3,457,235
2368,XE,5970,ORD,IND,3,457,55
2369,F9,488,MKE,MCO,3,458,169
2370,HA,115,OGG,HNL,3,458,34
2371,OO,7755,SLC,CDC,3,459,72
2372,UA,270,ONT,DEN,3,459,148
2373,9E,3725,DTW,BUF,3,460,77
2374,9E,3741,ATL,HOU,3,460,141
2375,9E,4148,CVG,BNA,3,460,66
2376,9E,4287,CVG,DTW,3,460,87
2377,9E,4310,MEM,ATL,3,460,90
2378,AA,1157,DFW,SEA,3,460,265
2379,AA,1375,BDL,SJU,3,460,225
2380,AA,160,SAN,JFK,3,460,315
2381,AA,1920,LAX,SFO,3,460,80
2382,AA,573,AUS,LAX,3,460,195
2383,AA,592,COS,DFW,3,460,115
2384,AA,858,MIA,PHL,3,460,160
2385,AA,893,CLT,DFW,3,460,165
2386,AS,55,FAI,SCC,3,460,71
2387,AS,602,SEA,LAS,3,460,142
2388,AS,676,SEA,DEN,3,460,155
2389,B6,407,BOS,PHX,3,460,347
2390,B6,671,JFK,LAX,3,460,366
2391,B6,94,OAK,JFK,3,460,322
2392,CO,1554,EWR,PBI,3,460,178
2393,CO,393,MCO,EWR,3,460,150
2394,CO,485,PDX,EWR,3,460,307
2395,CO,92,IAH,SFO,3,460,262
2396,DL,1586,ATL,LGA,3,460,134
2397,DL,1664,STL,MSP,3,460,96
2398,DL,1705,IAD,ATL,3,460,124
2399,DL,2661,ATL,MEM,3,460,91
2400,DL,2892,SAN,ATL,3,460,243
2401,EV,5161,CHA,ATL,3,460,59
2402,EV,7084,ORD,DAY,3,460,66
2403,F9,383,FLL,DEN,3,460,268
2404,FL,1150,IND,RSW,3,460,156
2405,MQ,2816,MHK,DFW,3,460,100
2406,MQ,2852,SGF,DFW,3,460,95
2407,MQ,2965,LRD,DFW,3,460,85
2408,MQ,3054,LAX,SBA,3,460,40
2409,MQ,3317,DFW,SJT,3,460,60
2410,MQ,3384,CHS,DFW,3,460,190
2411,MQ,3972,MQT,TVC,3,460,45
2412,MQ,4037,ORD,PIT,3,460,85
2413,MQ,4268,CLE,ORD,3,460,95
2414,MQ,4341,ORD,RIC,3,460,115
2415,OH,6370,DTW,ROC,3,460,83
2416,OH,6423,DTW,BDL,3,460,118
2417,OH,6506,CVG,PHL,3,460,106
2418,OH,6771,DTW,SYR,3,460,87
2419,OO,3099,MKE,IND,3,460,64
2420,OO,4496,BOI,SLC,3,460,65
2421,OO,6668,IDA,DEN,3,460,102
2422,OO,7028,COS,DEN,3,460,50
2423,UA,290,SMF,IAD,3,460,295
2424,UA,449,ALB,ORD,3,460,145
2425,US,1099,PHL,JAX,3,460,143
2426,US,1155,PHL,MIA,3,460,180
2427,US,1171,CLT,IAH,3,460,170
2428,US,1270,PIT,PHL,3,460,80
2429,US,1497,MSY,CLT,3,460,106
2430,US,647,DTW,PHX,3,460,277
2431,US,657,PHL,SFO,3,460,384
2432,US,974,CLT,MSP,3,460,167
2433,WN,1004,MDW,MCI,3,460,90
2434,WN,100,ISP,FLL,3,460,185
2435,WN,1094,SFO,PHX,3,460,110
2436,WN,1181,BWI,CMH,3,460,80
2437,WN,1198,MCO,BNA,3,460,120
2438,WN,119,MDW,PHL,3,460,125
2439,WN,1235,MCI,BNA,3,460,95
2440,WN,1402,FLL,TPA,3,460,60
2441,WN,1921,DAL,BHM,3,460,90
2442,WN,24,RDU,MCO,3,460,105
2443,WN,2643,LAX,TUS,3,460,80
2444,WN,3243,PBI,ISP,3,460,160
2445,WN,327,SJC,BUR,3,460,60
2446,WN,3312,DAL,MCI,3,460,90
2447,WN,3768,PHX,ONT,3,460,70
2448,WN,464,PVD,PHL,3,460,85
2449,WN,480,MCO,MSY,3,460,110
2450,WN,758,LIT,MDW,3,460,100
2451,WN,785,BHM,DAL,3,460,115
2452,WN,944,ONT,PHX,3,460,70
2453,XE,2128,CLE,BOS,3,460,95
2454,XE,2132,IAH,LIT,3,460,78
2455,XE,2347,CLE,MSP,3,460,122
2456,XE,2504,EWR,MHT,3,460,82
2457,OO,6290,LAX,MRY,3,461,65
2458,OO,7001,COS,ORD,3,461,147
2459,UA,950,LAX,IAD,3,461,285
2460,HA,122,HNL,ITO,3,462,50
2461,OO,6253,SAT,SFO,3,462,235
2462,OO,4690,LAX,SLC,3,463,107
2463,OO,6371,GCC,DEN,3,463,92
2464,OO,6676,FAT,DEN,3,463,143
2465,OO,7004,SFO,SBP,3,463,65
2466,UA,297,BWI,SFO,3,463,372
2467,OO,6234,LAX,DFW,3,464,177
2468,OO,6466,LAX,SLC,3,464,112
2469,YV,2605,CLT,RDU,3,464,57
2470,9E,3863,JAX,MEM,3,465,120
2471,9E,4088,MSP,CVG,3,465,114
2472,AA,1167,RDU,DFW,3,465,195
2473,AA,1256,MIA,LGA,3,465,170
2474,AA,1287,AUS,DFW,3,465,65
2475,AA,1413,DFW,LAS,3,465,175
2476,AA,2081,MCO,DFW,3,465,180
2477,AA,575,MIA,SJU,3,465,145
2478,AA,595,ATL,MIA,3,465,115
2479,AA,726,ELP,DFW,3,465,105
2480,AS,881,OAK,OGG,3,465,334
2481,B6,336,MCO,IAD,3,465,120
2482,B6,363,LGA,PBI,3,465,168
2483,CO,1048,IAH,FLL,3,465,143
2484,CO,186,SNA,EWR,3,465,313
2485,CO,211,EWR,IAH,3,465,248
2486,CO,52,IAH,LAX,3,465,221
2487,CO,544,IAH,CLE,3,465,168
2488,CO,586,IAH,MCO,3,465,133
2489,CO,615,IAH,DFW,3,465,71
2490,CO,734,PHX,EWR,3,465,273
2491,DL,1016,ATL,MDW,3,465,109
2492,DL,1920,LAX,MEM,3,465,221
2493,DL,2097,MSP,ATL,3,465,155
2494,DL,2135,PIT,ATL,3,465,133
2495,DL,2260,MIA,ATL,3,465,129
2496,DL,2861,PHL,ATL,3,465,159
2497,EV,5115,CLE,ATL,3,465,127
2498,EV,5244,MOB,ATL,3,465,81
2499,EV,5503,HOU,ATL,3,465,118
2500,EV,5532,ATL,LIT,3,465,101
2501,EV,5551,VPS,ATL,3,465,79
2502,F9,170,TUS,DEN,3,465,108
2503,F9,868,PHX,DEN,3,465,105
2504,FL,1188,MCO,MLI,3,465,167
2505,FL,767,PBI,ATL,3,465,108
2506,FL,995,MKE,BOS,3,465,133
2507,MQ,2793,FSD,DFW,3,465,150
2508,MQ,3533,DFW,CLE,3,465,150
2509,MQ,3810,ORD,CLE,3,465,80
2510,MQ,3970,ORD,BWI,3,465,115
2511,OO,4517,BIL,SLC,3,465,83
2512,OO,4820,LAX,LAS,3,465,70
2513,OO,6254,FAT,SFO,3,465,67
2514,UA,605,DCA,ORD,3,465,132
2515,UA,648,ABQ,DEN,3,465,88
2516,UA,970,SAN,IAD,3,465,292
2517,US,1011,CLT,PBI,3,465,110
2518,US,1268,PHL,SJU,3,465,226
2519,US,1431,CLT,LAX,3,465,322
2520,US,1488,LAX,CLT,3,465,265
2521,US,1521,CLT,DEN,3,465,225
2522,US,1540,PHX,CLT,3,465,216
2523,US,1813,CLT,TPA,3,465,100
2524,US,1987,CLT,RSW,3,465,113
2525,US,400,CMH,PHX,3,465,274
2526,US,88,ATL,PHX,3,465,269
2527,WN,1026,PVD,MCO,3,465,190
2528,WN,1057,GEG,OAK,3,465,135
2529,WN,1087,BNA,FLL,3,465,130
2530,WN,1115,BWI,MDW,3,465,130
2531,WN,1117,TUL,HOU,3,465,95
2532,WN,1127,DAL,STL,3,465,100
2533,WN,1289,SEA,SMF,3,465,105
2534,WN,1739,OAK,LAS,3,465,85
2535,WN,1933,MDW,CMH,3,465,70
2536,WN,2022,FLL,LAS,3,465,340
2537,WN,20,BWI,HOU,3,465,225
2538,WN,237,PDX,RNO,3,465,80
2539,WN,2526,BUR,OAK,3,465,75
2540,WN,3070,PHL,MHT,3,465,75
2541,WN,3420,PHX,LAS,3,465,65
2542,WN,3421,ORF,BWI,3,465,55
2543,WN,3485,BNA,MCO,3,465,110
2544,WN,3596,RSW,MCO,3,465,45
2545,WN,399,LAS,SNA,3,465,60
2546,WN,512,SAN,LAS,3,465,70
2547,WN,627,MCO,ISP,3,465,145
2548,WN,703,TUL,DEN,3,465,110
2549,WN,792,BNA,JAX,3,465,85
2550,WN,812,BWI,PVD,3,465,70
2551,WN,859,TPA,MDW,3,465,165
2552,WN,971,ONT,SJC,3,465,70
2553,XE,2541,CLE,CLT,3,465,88
2554,XE,3059,IAH,MOB,3,465,76
2555,YV,2854,FLG,PHX,3,465,71
2556,OO,6489,SFO,CIC,3,466,55
2557,UA,20,SMF,DEN,3,466,153
2558,YV,7254,ORD,SAV,3,466,120
2559,YV,7283,SAT,ORD,3,466,160
2560,UA,743,PIT,DEN,3,467,228
2561,US,1640,CLT,EWR,3,468,102
2562,B6,305,IAD,FLL,3,469,156
2563,DL,2813,GRR,MSP,3,469,101
2564,AA,1077,DFW,SFO,3,470,230
2565,AA,1347,SAT,DFW,3,470,70
2566,AA,1839,DFW,SAT,3,470,60
2567,AA,863,DFW,MIA,3,470,165
2568,AS,522,SEA,BUR,3,470,145
2569,AS,61,SEA,JNU,3,470,156
2570,B6,1795,DCA,FLL,3,470,151
2571,B6,37,JFK,TPA,3,470,176
2572,B6,592,MCO,HPN,3,470,152
2573,CO,282,IAH,BOS,3,470,218
2574,CO,408,IAH,EWR,3,470,206
2575,CO,440,SLC,IAH,3,470,178
2576,DL,16,LAX,ATL,3,470,251
2577,DL,1868,LAX,MSP,3,470,221
2578,DL,1904,FLL,DTW,3,470,185
2579,DL,2753,LGA,TPA,3,470,188
2580,F9,326,MKE,BOS,3,470,133
2581,F9,572,SLC,DEN,3,470,82
2582,MQ,2765,DFW,DSM,3,470,110
2583,MQ,3011,LAX,FAT,3,470,60
2584,MQ,3771,ORD,IAH,3,470,165
2585,MQ,3967,ORD,OMA,3,470,95
2586,MQ,4285,ORD,CLT,3,470,115
2587,OO,3045,MKE,PIT,3,470,86
2588,OO,4795,BZN,SLC,3,470,75
2589,OO,6379,LAX,SBP,3,470,61
2590,OO,6606,EGE,DEN,3,470,53
2591,OO,7759,SLC,EKO,3,470,65
2592,UA,365,DTW,ORD,3,470,85
2593,UA,368,MSY,IAD,3,470,145
2594,UA,916,SEA,IAD,3,470,296
2595,US,1747,PHL,LAS,3,470,342
2596,US,1885,PHL,FLL,3,470,180
2597,US,1894,PBI,PHL,3,470,156
2598,US,335,LAX,PHX,3,470,88
2599,US,801,CLT,MCO,3,470,97
2600,US,97,PHL,PIT,3,470,81
2601,US,981,PHL,DEN,3,470,264
2602,WN,1031,SAN,SMF,3,470,100
2603,WN,1091,ELP,LAS,3,470,115
2604,WN,1185,MSY,LAS,3,470,240
2605,WN,1265,SDF,MDW,3,470,75
2606,WN,1383,PDX,GEG,3,470,60
2607,WN,1938,OAK,ONT,3,470,75
2608,WN,2175,ALB,MCO,3,470,195
2609,WN,2205,SAN,OAK,3,470,85
2610,WN,250,MCO,STL,3,470,155
2611,WN,2543,MDW,DTW,3,470,70
2612,WN,367,BNA,ECP,3,470,80
2613,WN,3773,LAS,PHX,3,470,70
2614,WN,697,AUS,LAS,3,470,185
2615,WN,711,SAT,LAS,3,470,175
2616,XE,2268,IAH,LFT,3,470,72
2617,XE,3032,IAH,CLT,3,470,144
2618,YV,2651,DSM,PHX,3,470,205
2619,OO,6669,GUC,DEN,3,471,50
2620,UA,72,HNL,SFO,3,471,322
2621,UA,914,SFO,IAD,3,471,303
2622,OO,7029,SFO,SLC,3,473,107
2623,UA,848,SJC,DEN,3,473,164
2624,OO,7797,SLC,SUN,3,474,72
2625,9E,3999,PHF,ATL,3,475,132
2626,9E,4085,JFK,BUF,3,475,104
2627,AA,1099,IND,DFW,3,475,150
2628,AA,1137,ORD,MSY,3,475,140
2629,AA,1140,DFW,ATL,3,475,125
2630,AA,1430,DFW,TPA,3,475,135
2631,AA,1765,IAD,SJU,3,475,230
2632,AA,1775,RSW,DFW,3,475,185
2633,AA,1871,PBI,DFW,3,475,190
2634,AA,2043,MCI,DFW,3,475,110
2635,AA,2328,DFW,ORD,3,475,140
2636,AA,2411,DFW,LAX,3,475,205
2637,AA,33,JFK,LAX,3,475,380
2638,B6,1061,JFK,AUS,3,475,257
2639,B6,733,BOS,SJU,3,475,237
2640,CO,347,ORD,IAH,3,475,155
2641,CO,706,IAH,TPA,3,475,120
2642,DL,1492,PHX,MSP,3,475,184
2643,DL,2194,PBI,ATL,3,475,121
2644,DL,2232,ORD,MSP,3,475,94
2645,DL,2376,SNA,MSP,3,475,220
2646,DL,325,IND,DTW,3,475,81
2647,EV,5071,ATL,HSV,3,475,58
2648,EV,5575,ILM,ATL,3,475,97
2649,MQ,2719,DFW,TYS,3,475,115
2650,MQ,2748,DFW,GSP,3,475,125
2651,MQ,2833,DFW,CID,3,475,115
2652,MQ,3016,SAN,LAX,3,475,40
2653,MQ,3204,DFW,SHV,3,475,55
2654,MQ,3381,DFW,JAN,3,475,80
2655,MQ,3799,ABQ,ORD,3,475,160
2656,MQ,3867,DTW,ORD,3,475,95
2657,MQ,3905,DAY,ORD,3,475,80
2658,MQ,4256,ORD,CHA,3,475,95
2659,MQ,4495,BOS,LGA,3,475,80
2660,MQ,4535,CMH,LGA,3,475,105
2661,OH,6404,DCA,BOS,3,475,93
2662,OO,3110,MKE,CAK,3,475,78
2663,OO,6625,DEN,BZN,3,475,110
2664,UA,311,EWR,DEN,3,475,279
2665,UA,374,MSP,ORD,3,475,85
2666,UA,865,BOS,ORD,3,475,171
2667,US,162,CLT,SAN,3,475,317
2668,US,1694,TPA,PHL,3,475,148
2669,US,1746,MCO,PHL,3,475,142
2670,US,1785,BNA,CLT,3,475,75
2671,US,1852,CLT,BWI,3,475,81
2672,US,1982,CLT,BOS,3,475,123
2673,US,407,PHL,ORD,3,475,152
2674,WN,1092,STL,HOU,3,475,135
2675,WN,1218,LAS,OAK,3,475,90
2676,WN,1264,BUR,LAS,3,475,60
2677,WN,1357,ONT,LAS,3,475,60
2678,WN,168,AUS,SJC,3,475,235
2679,WN,1838,SMF,PDX,3,475,100
2680,WN,195,MDW,STL,3,475,70
2681,WN,201,HOU,MCO,3,475,125
2682,WN,2,DAL,MAF,3,475,75
2683,WN,3238,MDW,LGA,3,475,150
2684,WN,339,SEA,OAK,3,475,125
2685,WN,3567,AUS,DAL,3,475,55
2686,WN,682,DEN,PHX,3,475,125
2687,WN,685,STL,MDW,3,475,60
2688,WN,821,LAX,LAS,3,475,60
2689,XE,2469,IAH,CRP,3,475,65
2690,XE,2612,IAH,CVG,3,475,135
2691,XE,2891,IAH,JAN,3,475,74
2692,YV,2853,YUM,PHX,3,475,68
2693,OO,6343,SFO,SNA,3,476,91
2694,B6,345,JFK,SRQ,3,477,183
2695,OH,6454,CVG,DCA,3,477,88
2696,OO,6390,BOI,SFO,3,477,112
2697,OO,6698,PDX,DEN,3,477,145
2698,OO,6818,ORD,CID,3,477,56
2699,UA,604,ORD,DCA,3,477,111
2700,XE,5994,BNA,ORD,3,477,107
2701,CO,332,IAH,LGA,3,478,206
2702,AA,1777,JFK,MCO,3,479,180
2703,AA,2029,LGA,MIA,3,479,195
2704,AA,309,LGA,ORD,3,479,165
2705,DL,2739,DCA,ATL,3,479,127
2706,MQ,4406,JFK,RDU,3,479,111
2707,UA,537,BOS,SFO,3,479,410
2708,XE,2470,IAH,MSP,3,479,168
2709,XE,2510,CLE,MHT,3,479,92
2710,XE,2871,EWR,GSO,3,479,114
2711,9E,3710,SBN,DTW,3,480,70
2712,9E,3987,TYS,MEM,3,480,89
2713,9E,3992,LEX,MEM,3,480,85
2714,9E,4161,IND,MEM,3,480,88
2715,9E,4230,FWA,DTW,3,480,64
2716,9E,4322,BNA,MSP,3,480,144
2717,AA,1048,ORD,MIA,3,480,185
2718,AA,1054,MIA,DCA,3,480,140
2719,AA,1056,DFW,STL,3,480,95
2720,AA,1106,DFW,BOS,3,480,210
2721,AA,1234,MIA,TPA,3,480,55
2722,AA,2028,STL,LGA,3,480,140
2723,AS,182,FAI,ANC,3,480,63
2724,AS,1,DCA,SEA,3,480,360
2725,AS,21,ORD,SEA,3,480,280
2726,AS,224,PDX,SFO,3,480,117
2727,AS,258,SEA,LAX,3,480,155
2728,AS,517,SNA,SEA,3,480,173
2729,AS,677,DEN,SEA,3,480,175
2730,AS,689,AUS,SJC,3,480,236
2731,AS,83,SEA,ANC,3,480,220
2732,B6,1223,BOS,RDU,3,480,125
2733,B6,559,HPN,TPA,3,480,174
2734,B6,611,JFK,JAX,3,480,154
2735,CO,1175,EWR,ORD,3,480,170
2736,CO,1700,FLL,EWR,3,480,165
2737,CO,659,DCA,IAH,3,480,208
2738,CO,769,LAS,EWR,3,480,287
2739,DL,1077,EWR,MSP,3,480,196
2740,DL,1156,MDW,ATL,3,480,114
2741,DL,1440,RSW,ATL,3,480,114
2742,DL,1524,SAT,ATL,3,480,139
2743,DL,1888,LAS,MEM,3,480,190
2744,DL,201,ATL,MCO,3,480,86
2745,DL,2047,LGA,ATL,3,480,161
2746,DL,2105,TPA,MSP,3,480,207
2747,DL,2348,BHM,ATL,3,480,67
2748,DL,2418,DTW,RSW,3,480,180
2749,DL,2577,MSP,FLL,3,480,210
2750,DL,2584,STL,SLC,3,480,202
2751,DL,2662,LAX,JFK,3,480,325
2752,DL,2666,MCO,DCA,3,480,119
2753,EV,4952,EYW,ATL,3,480,123
2754,FL,1001,MCO,MDT,3,480,138
2755,FL,1049,DCA,RSW,3,480,166
2756,FL,1096,MCO,IND,3,480,140
2757,FL,134,TPA,ATL,3,480,100
2758,FL,782,LGA,PHF,3,480,81
2759,FL,854,MCO,ATL,3,480,94
2760,HA,10,HNL,LAX,3,480,325
2761,HA,116,HNL,OGG,3,480,37
2762,HA,35,PHX,HNL,3,480,400
2763,MQ,3118,RNO,LAX,3,480,105
2764,MQ,3233,DFW,CRP,3,480,80
2765,MQ,3358,XNA,DFW,3,480,75
2766,MQ,3753,MSP,ORD,3,480,95
2767,MQ,4108,ORD,JAX,3,480,145
2768,MQ,4253,ORD,ICT,3,480,115
2769,MQ,4354,ORD,AZO,3,480,50
2770,MQ,4437,LGA,CMH,3,480,120
2771,MQ,4558,LGA,CLE,3,480,110
2772,OH,6569,MSN,CVG,3,480,89
2773,OO,4574,LAS,SLC,3,480,88
2774,OO,4866,MKE,CVG,3,480,75
2775,OO,6638,RKS,DEN,3,480,85
2776,OO,6736,DEN,RAP,3,480,67
2777,OO,6767,RAP,DEN,3,480,76
2778,OO,7046,DRO,DEN,3,480,76
2779,UA,17,GRR,ORD,3,480,62
2780,UA,316,SNA,DEN,3,480,152
2781,UA,361,LGA,DEN,3,480,276
2782,UA,672,ORD,LGA,3,480,132
2783,UA,920,IAH,ORD,3,480,154
2784,US,1050,CLT,LGA,3,480,104
2785,US,1101,BOS,CLT,3,480,150
2786,US,1249,CLT,JAX,3,480,82
2787,US,1783,CLT,LAS,3,480,301
2788,US,1904,CLT,PIT,3,480,85
2789,US,1920,RSW,PHL,3,480,155
2790,US,1967,PWM,CLT,3,480,161
2791,US,1983,CLT,ATL,3,480,90
2792,US,2025,BOS,DCA,3,480,94
2793,US,2118,LGA,BOS,3,480,64
2794,US,2119,BOS,LGA,3,480,75
2795,US,2162,DCA,LGA,3,480,74
2796,US,2165,LGA,DCA,3,480,72
2797,US,254,PHX,PHL,3,480,263
2798,US,343,IAH,PHX,3,480,186
2799,US,540,PHX,DFW,3,480,138
2800,US,71,DEN,PHX,3,480,135
2801,US,987,PHL,MCO,3,480,163
2802,US,989,CLT,FLL,3,480,119
2803,WN,1142,MSY,BWI,3,480,140
2804,WN,1147,SJC,PDX,3,480,110
2805,WN,11,MAF,DAL,3,480,70
2806,WN,1687,DEN,SLC,3,480,90
2807,WN,1772,SAN,TUS,3,480,70
2808,WN,1847,MDW,BNA,3,480,85
2809,WN,1949,TPA,BHM,3,480,85
2810,WN,2291,LAS,RNO,3,480,75
2811,WN,2442,AUS,LAX,3,480,205
2812,WN,2461,PHL,DEN,3,480,285
2813,WN,2660,TUS,LAX,3,480,90
2814,WN,2898,PHX,ABQ,3,480,65
2815,WN,2970,MDW,LAS,3,480,255
2816,WN,2984,LAX,SJC,3,480,65
2817,WN,3054,FLL,BWI,3,480,150
2818,WN,326,LAS,BNA,3,480,210
2819,WN,3501,MSP,MDW,3,480,95
2820,WN,3836,DTW,MDW,3,480,75
2821,WN,5,DAL,HOU,3,480,60
2822,WN,636,BWI,ISP,3,480,65
2823,WN,637,SJC,PHX,3,480,105
2824,WN,863,HOU,OKC,3,480,80
2825,WN,899,MCO,LAS,3,480,325
2826,WN,8,HOU,DAL,3,480,55
2827,WN,928,CMH,LAS,3,480,280
2828,WN,998,LAX,OAK,3,480,80
2829,XE,2189,IAH,DAL,3,480,63
2830,XE,2352,EWR,OMA,3,480,211
2831,XE,2579,IAH,SAT,3,480,59
2832,XE,2586,IAH,IND,3,480,133
2833,XE,2726,ATL,EWR,3,480,123
2834,YV,1002,OGG,HNL,3,480,32
2835,YV,2932,TUS,PHX,3,480,54
2836,EV,7135,IAD,CHS,3,481,101
2837,OO,6651,LAX,RNO,3,481,85
2838,UA,236,LAS,IAD,3,481,269
2839,XE,5935,ORD,GRB,3,481,48
2840,B6,140,PBI,JFK,3,482,148
2841,B6,232,LGB,SLC,3,482,103
2842,B6,575,SWF,MCO,3,482,176
2843,UA,635,ORD,SEA,3,482,275
2844,UA,885,LAS,SFO,3,482,108
2845,XE,2887,EWR,BWI,3,482,76
2846,EV,7076,IAD,SAV,3,483,105
2847,OO,6630,LAX,CLD,3,483,43
2848,OO,6745,BUR,DEN,3,483,136
2849,OO,6958,ORD,MKG,3,483,51
2850,EV,5067,BNA,ATL,3,484,81
2851,FL,783,PHF,LGA,3,484,80
2852,OO,6826,SFO,ONT,3,484,74
2853,UA,157,SAN,SFO,3,484,104
2854,XE,5905,ORD,MSN,3,484,48
2855,AA,1237,PHX,DFW,3,485,135
2856,AA,1821,MIA,LAS,3,485,330
2857,AA,1857,BWI,SJU,3,485,225
2858,AA,2305,ORD,DFW,3,485,150
2859,AA,258,LAS,JFK,3,485,300
2860,AA,717,LGA,DFW,3,485,250
2861,AA,849,MIA,SFO,3,485,380
2862,AS,62,ANC,JNU,3,485,101
2863,B6,109,BUF,JFK,3,485,84
2864,B6,1,JFK,FLL,3,485,187
2865,B6,520,MCO,EWR,3,485,145
2866,CO,1827,SAN,EWR,3,485,325
2867,CO,363,PHX,CLE,3,485,225
2868,DL,1499,BDL,FLL,3,485,196
2869,DL,1500,MCI,DTW,3,485,115
2870,DL,1610,DEN,DTW,3,485,169
2871,DL,1994,PHX,JFK,3,485,279
2872,DL,2073,CMH,ATL,3,485,100
2873,DL,2119,LGA,MSP,3,485,192
2874,DL,2635,IND,ATL,3,485,108
2875,F9,454,MKE,LGA,3,485,134
2876,FL,261,MKE,DCA,3,485,115
2877,HA,509,HNL,LIH,3,485,37
2878,MQ,2916,DFW,VPS,3,485,110
2879,MQ,3815,ORD,DEN,3,485,160
2880,MQ,3932,SGF,ORD,3,485,95
2881,MQ,4206,CMI,ORD,3,485,65
2882,OH,6692,IAH,JFK,3,485,214
2883,OO,6583,DEN,COS,3,485,32
2884,OO,7764,SLC,PIH,3,485,67
2885,OO,7767,RKS,SLC,3,485,65
2886,UA,761,ORD,SFO,3,485,285
2887,UA,782,ABQ,IAD,3,485,223
2888,WN,1107,STL,MCO,3,485,140
2889,WN,1199,HOU,MSY,3,485,60
2890,WN,1839,MDW,PHX,3,485,245
2891,WN,2004,MCO,BWI,3,485,130
2892,WN,2030,RDU,TPA,3,485,115
2893,WN,2698,BDL,FLL,3,485,195
2894,WN,3494,LAX,SLC,3,485,105
2895,WN,350,MDW,MCO,3,485,155
2896,WN,3771,DEN,MDW,3,485,135
2897,WN,3843,SMF,BUR,3,485,70
2898,WN,422,MHT,BWI,3,485,100
2899,WN,817,BUR,SJC,3,485,65
2900,WN,831,MDW,SAT,3,485,185
2901,WN,907,OKC,DAL,3,485,55
2902,WN,912,SNA,DEN,3,485,140
2903,WN,967,FLL,MSY,3,485,130
2904,WN,997,SAN,PHX,3,485,70
2905,XE,2373,IAH,AUS,3,485,53
2906,XE,2679,EWR,JAX,3,485,154
2907,XE,5936,ORD,ATW,3,485,50
2908,EV,7067,MHT,IAD,3,486,110
2909,OO,6509,TUS,LAX,3,486,95
2910,UA,667,LGA,ORD,3,486,157
2911,DL,14,LAS,ATL,3,487,223
2912,EV,5062,ATL,GSO,3,487,73
2913,UA,744,DEN,BOS,3,487,227
2914,XE,2082,CLE,DCA,3,487,72
2915,XE,2971,EWR,CLT,3,487,137
2916,UA,738,DEN,MCO,3,488,213
2917,B6,553,EWR,RSW,3,489,195
2918,UA,489,CVG,ORD,3,489,83
2919,AA,1098,TUS,DFW,3,490,130
2920,AA,1356,MSY,DFW,3,490,105
2921,AA,2258,DFW,PIT,3,490,150
2922,AA,2463,ORD,MCI,3,490,90
2923,AA,2545,OMA,DFW,3,490,130
2924,AA,299,MIA,LAX,3,490,350
2925,B6,1051,JFK,PIT,3,490,97
2926,B6,219,JFK,CLT,3,490,121
2927,DL,1884,TPA,CVG,3,490,133
2928,DL,2699,BOS,MSP,3,490,202
2929,DL,269,JFK,MIA,3,490,200
2930,EV,5109,BTR,ATL,3,490,98
2931,EV,5132,ATL,AGS,3,490,55
2932,FL,8,SJU,MCO,3,490,197
2933,HA,6,HNL,LAS,3,490,345
2934,MQ,2953,AMA,DFW,3,490,70
2935,MQ,3289,DFW,PNS,3,490,105
2936,MQ,4119,ORD,LIT,3,490,115
2937,MQ,4238,CMH,ORD,3,490,95
2938,MQ,4282,ORD,BDL,3,490,130
2939,MQ,4616,RDU,LGA,3,490,90
2940,OH,6657,JFK,MSP,3,490,210
2941,OO,4601,IDA,SLC,3,490,56
2942,OO,6593,DEN,BIL,3,490,95
2943,OO,6710,SLC,ORD,3,490,188
2944,OO,6812,ORD,SPI,3,490,51
2945,OO,7759,EKO,SLC,3,490,78
2946,UA,243,DEN,LAS,3,490,123
2947,UA,7,JFK,SFO,3,490,404
2948,US,1515,SYR,CLT,3,490,137
2949,US,815,PVD,CLT,3,490,142
2950,WN,1061,ABQ,LAX,3,490,125
2951,WN,1156,OAK,SNA,3,490,80
2952,WN,1253,TPA,PBI,3,490,55
2953,WN,1325,IND,MCO,3,490,140
2954,WN,1537,SEA,GEG,3,490,60
2955,WN,1669,ABQ,PHX,3,490,75
2956,WN,1980,JAX,BWI,3,490,110
2957,WN,2027,PHX,HOU,3,490,145
2958,WN,2113,PHL,BOS,3,490,90
2959,WN,2356,ABQ,OAK,3,490,155
2960,WN,249,LAX,SAT,3,490,165
2961,WN,2539,AUS,BNA,3,490,115
2962,WN,2552,LAS,HOU,3,490,170
2963,WN,2655,LAS,BUR,3,490,65
2964,WN,3077,SNA,OAK,3,490,80
2965,WN,3832,BWI,BDL,3,490,70
2966,WN,40,CMH,BWI,3,490,70
2967,WN,452,DAL,AUS,3,490,55
2968,WN,606,RDU,PHL,3,490,80
2969,WN,607,MCO,ORF,3,490,110
2970,WN,609,PHX,LAX,3,490,85
2971,WN,647,DEN,TUL,3,490,90
2972,WN,897,SNA,SJC,3,490,80
2973,XE,2056,IAH,MCI,3,490,113
2974,XE,2432,IAH,PBI,3,490,144
2975,F9,179,DEN,TUS,3,491,114
2976,UA,221,ORD,IAH,3,491,164
2977,XE,5915,ORD,FAR,3,491,113
2978,XE,5983,IAD,CAE,3,491,85
2979,OO,6982,DEN,CPR,3,492,57
2980,UA,418,SAN,DEN,3,492,148
2981,UA,491,DEN,PHX,3,492,129
2982,UA,579,DSM,DEN,3,492,123
2983,UA,988,DEN,LAX,3,492,154
2984,XE,2435,IAH,JAX,3,492,116
2985,YV,7301,MCI,IAD,3,492,141
2986,F9,765,DEN,LAS,3,493,114
2987,UA,228,DEN,DFW,3,493,119
2988,UA,358,DEN,LGA,3,493,225
2989,EV,5275,ATL,JAN,3,494,84
2990,UA,869,DEN,SFO,3,494,176
2991,XE,5937,ORD,PIA,3,494,49
2992,9E,3826,AZO,DTW,3,495,67
2993,9E,4148,BNA,CVG,3,495,73
2994,9E,4153,MBS,DTW,3,495,59
2995,9E,4212,LAN,DTW,3,495,63
2996,AA,114,LAX,EWR,3,495,325
2997,AA,1173,STL,DFW,3,495,115
2998,AA,1201,SNA,ORD,3,495,235
2999,AA,1486,LAS,DFW,3,495,160
